Year,Category,Book,Author,Language,Notes
2023,Short Stories,Dr. Pranavjyoti Dekar Srestha Galpa,Pranavjyoti Deka,ASSAMESE,
2022,Short Stories,Bhool Satya,Manoj Kumar Goswami ,ASSAMESE,
2021,Novel,Iyat Ekhan Aaronya Asil ,Anuradha Sarma Pujari ,ASSAMESE,
2020,Short Stories,Bengsata,Apurba Kumar Saikia,ASSAMESE,
2019,Novel,Chanakya,Joysree Goswami Mahanta,ASSAMESE,
2018,Poetry,Kailoir Dinto Amar Hobo,Sananta Tanti ,ASSAMESE,
2017,Novel,Moriahola,Jayanta Madhab Bora,ASSAMESE,
2016,Poetry,Meghmalar Bhraman,Jnan Pujari,ASSAMESE,
2015,Short Stories,Akashar Chhabi Aru Anyanya Galpa,Kula Saikia,ASSAMESE,
2014,Short Stories,Mariam Astin Athaba Hira Barua,Arupa Patangia Kalita,ASSAMESE,
2012,Novel,Patkair Ipare Mor Desh,Chandana Goswami,ASSAMESE,
2011,Poetry,Ei Anuragi Ei Udasi,Kabin Phukan,ASSAMESE,Awarded Posthumously
2010,Criticism,Asomiya Ramayani Sahitya: Kathabostur Atiguri,Keshada Mahanta,ASSAMESE,
2009,Novel,Katha Ratnakara,Dhruba Jyoti Bora,ASSAMESE,
2008,Novel,Deou Langkhui,Rita Choudhury,ASSAMESE,
2007,Novel,Santanukulanandan,Purabi Bormudoi,ASSAMESE,
2006,Short stories,Cheneh Jorir Ganthi,Atulananda Goswami,ASSAMESE,
2005,Novel,Mouna Ounth Mukhar Hriday,Yeshe Dorje Thongchi,ASSAMESE,
2004,Poetry,Manuh Anukule,Hirendra Nath Dutta,ASSAMESE,
2003,Poetry,Anek Manuh Anek Aru Nirjanata,Bireswar Barua,ASSAMESE,
2002,Criticism,Mahat Oitiyya,Nalinidhar Bhattacharyya,ASSAMESE,
2001,Novel,Edhani Mahir Hanhi,Mahim Bora,ASSAMESE,
2000,Short stories,Baghe Tapur Rati,Apurba Sarma,ASSAMESE,
1999,Novel,Biponna Samay,Medini Choudhury,ASSAMESE,
1998,Novel,Asirbadar Rang,Arun Sarma,ASSAMESE,
1997,Short stories,Andharat Nijar Mukh,Nagen Saikia,ASSAMESE,
1996,Novel,Abhijatri,Nirupama Borgohain,ASSAMESE,
1995,Novel,Maharathi,Chandra Prasad Saikia,ASSAMESE,
1994,Short stories,Madhupur Bahudur,Sheelbhadra Rabati Mohan Datta Choudhury,ASSAMESE,
1993,Poetry,Mor Je Kiman Hepah,Keshav Mahanta,ASSAMESE,
1992,Poetry,Shaichar Pathar Manuh,Hiren Bhattacharjya,ASSAMESE,
1991,Poetry,Brahmaputra Ityadi Padya,Ajit Barua,ASSAMESE,
1990,Short stories,Snehadevir Ekuki Galpa,Sneha Devi,ASSAMESE,Awarded Posthumously
1989,Literary criticism,Asamiya Jatiya Jivanata Mahapurushiya Parampara,Hiren Gohain,ASSAMESE,
1988,Novel,Patal Bahirabi,Lakshminandan Bora,ASSAMESE,
1987,Poetry,Aan Ejan,Harekrishna Deka,ASSAMESE,
1986,Biography,Benudhar Sarma,Tirthanath Sarma,ASSAMESE,
1985,Literary criticism,Krishna Kanta Handiqui Rachna-Sambhar,Krishnakanta Handiqui,ASSAMESE,Awarded Posthumously
1984,Novel,Jangam,Devendra Nath Acharya,ASSAMESE,Awarded Posthumously
1983,Poetry,Sudirgha Din Aru Ritu,Nirmalprabha Bardoloi,ASSAMESE,
1982,Novel,Mamare Dhara Tarowal Aru Dukhan Upanyasa,Indira Goswami Mamoni Raisom Goswami,ASSAMESE,
1981,Poetry,Kavita,Nilamani Phookan  Jr,ASSAMESE,
1980,Short stories,Prithibir Asukh,Jogesh Das,ASSAMESE,
1979,Poetry,Sonali Jahaj,Bhaben Barua,ASSAMESE,
1978,Novel,Pita Putra,Homen Borgohain,ASSAMESE,
1977,Poetry,Bakul Banar Kavita,Anand Chandra Barua,ASSAMESE,
1976,Short stories,Srinkhal,Bhabendra Nath Saikia,ASSAMESE,
1975,Novel,Kaka Deutar Har,Navakanta Barua,ASSAMESE,
1974,Short stories,Golam,Saurabh Kumar Chaliha,ASSAMESE,
1972,Novel,Aghari Atmar Kahini,Syed Abdul Malik,ASSAMESE,
1970,Reminiscenses,Mahatmar Pora Rupkonarloi,Lakshminath Phookan,ASSAMESE,
1969,Study of Assamese theatre,Manchalekha,Atul Chandra Hazarika,ASSAMESE,
1968,Poetry,Alakananda,Nalinibala Devi,ASSAMESE,
1967,Literary criticism,Adhunik Galpa Sahitya,Trailokyanath Goswami,ASSAMESE,
1966,Poetry,Bedanar Ulka,Ambikagiri Roychoudhuri,ASSAMESE,
1964,Study in folk culture,Asamar Lok-Sanskriti,Birinchi Kumar Barua,ASSAMESE,Awarded Posthumously
1961,Novel,Iyaruingam,Birendra Kumar Bhattacharyya,ASSAMESE,
1960,Reminiscences,Kangrechar Kachiyali Ra’dat,Benudhar Sarma,ASSAMESE,
1955,Poetry,Bana Phul,Jatindranath Dowerah,ASSAMESE,
2023,Novel,Jaler Upar Pani,Swapnamay Chakrabarti,BENGALI,
2022,Novel,Birbal,Tapan Bandopadhyay,BENGALI,
2021,Play,Mitjafar O Ananya Natale ,Bratya Basu ,BENGALI,
2020,Memoirs,Eka Eka Ekashi,Sankar Manishankar Mukhopadhyay ,BENGALI,
2019,Essays,Ghumer Darja Thele,Chinmoy Guha,BENGALI,
2018,Story,Srikrishner Sesh Kata Din,Sanjib Chattopadhyay,BENGALI,
2017,Novel,Sei Nikhonj Manusta,Afsar Ahmed ,BENGALI,
2016,Essays,Mahabharater Astadashi,Nrisinghaprasad Bhaduri,BENGALI,
2015,Poetry,Shono Jabaphul,Alok Sarkar,BENGALI,
2014,Poetry,Piya Mana Bhabe,Utpal Kumar Basu,BENGALI,
2013,Poetry,Dwaipayan Hrader Dhare,Subodh Sarkar,BENGALI,
2012,Novel,Birasan,Subrata Mukhopadhyaya,BENGALI,
2011,Poetry,Bane Aaj Concherto,Manindra Gupta,BENGALI,
2010,Novel,Khanamihire Dhipi,Bani Basu,BENGALI,
2009,Essays,Kena Amra Rabindranathke Cha Ebong Kibhave,Sourin Bhattacharya,BENGALI,
2008,Poetry,Ghumer Barir Mato Chand,Sarat Kumar Mukhopadhyay,BENGALI,
2007,Poetry,Amar Samay Alpa,Samarendra Sengupta,BENGALI,
2006,Novel,Dhrubaputra,Amar Mitra,BENGALI,
2005,Poetry,Haspatale Lekha Kabitaguchha,Binay Mazumdar,BENGALI,
2004,Essay,Baul Fakir Katha,Sudhir Chattopadhyay,BENGALI,
2003,Novel,Krantikal,Prafulla Roy,BENGALI,
2002,Novel,Ami O Banabehari,Sandipan Chattopadhyay,BENGALI,
2001,Short stories,Panchashati Galpa,Atin Bandyopadhyaya,BENGALI,
2000,Poetry,Pagli Tomar Sange,Joy Goswami,BENGALI,
1999,Prose-Poetry,Naba-Nita,Nabaneeta Dev Sen,BENGALI,
1998,Novel,Anubhav,Dibyendu Palit,BENGALI,
1997,Novel,Herbert,Nabarun Bhattacharya,BENGALI,
1996,Essays,Tal Betal,Ashok Mitra,BENGALI,
1995,Poetry,Kavita Sangraha,Naresh Guha,BENGALI,
1994,Novel,Aleek Manush,Syed Mustafa Siraj,BENGALI,
1993,Novel,Shahjada Darasukoh,Shyamal Gangopadhyay,BENGALI,
1992,Poetry,Marami Karat,Alokeranjan Dasgupta,BENGALI,
1991,Novel,Sada Kham,Moti Nandy,BENGALI,
1990,Novel,Tista Parer Brittanta,Debes Ray,BENGALI,
1989,Novel,Manabjamin,Sirshendu Mukhopadhyay,BENGALI,
1988,Novel,Bari Badle Jai,Ramapada Choudhuri,BENGALI,
1987,Poetry,Khujte Khujte Eto Dur,Arun Mitra,BENGALI,
1986,Novel,Rajnagar,Amiyabhusan Majumdar,BENGALI,
1985,Part II) (Novel,Sei Samay,Sunil Gangopadhyay,BENGALI,
1984,Novel,Kalbela,Samaresh Majumdar,BENGALI,
1983,Poetry,Jete Pari Kintu Keno Jabo,Sakti Chattopadhyay,BENGALI,
1982,Novel,Amritasya Putree,Kamal Das,BENGALI,
1981,Local history and culture,"Kalikata Darpan, Pt. I",Radharaman Mitra,BENGALI,
1980,Novel,Shamba,Samaresh Basu Kalkut,BENGALI,
1979,Novel,Aranyer Adhikar,Mahasveta Devi,BENGALI,
1978,Biography and cultural history,"Vivekananda O Samakalin Bharatvarsha, Vol. I, II and III",Sankari Prasad Basu,BENGALI,
1977,Poetry,Babarer Prarthana,Sankha Ghosh,BENGALI,
1976,Novel,Na Hanyate,Maitreyee Devi,BENGALI,
1975,Novel,Asamay,Bimal Kar,BENGALI,
1974,Poetry,Ulanga Raja,Nirendranath Chakravarti,BENGALI,
1972,Novel,Shesh Namaskar,Santosh Kumar Ghosh,BENGALI,
1971,Travelogue,Manimahesh,Umaprasad Mukhopadhyay,BENGALI,
1970,Literary criticism,Adhunikata O Rabindranath,Abu Sayeed Ayyub,BENGALI,
1969,Poetry,Mohini Aral,Manindra Ray,BENGALI,
1967,Verse Play,Tapasvi O Tarangini,Buddhadev Bose,BENGALI,
1966,Novel,Nishi-Kutumba,Manoj Basu,BENGALI,
1965,Poetry,Smriti Satta Bhabishyat,Bishnu Dey,BENGALI,
1964,Poetry,Jata Durei Jai,Subhas Mukhopadhyay,BENGALI,
1963,Poetry,Ghare Pherar Din,Amiya Chakravarti,BENGALI,
1962,Travelogue,Japane,Annada Sankar Ray,BENGALI,
1961,A study of the Sakti-cult,Bharater Sakti-Sadhana O Sakta Sahitya,Sashi Bhushan Dasgupta,BENGALI,
1959,Novel,Kolkatar Kachhei,Gajendra Kumar Mitra,BENGALI,
1958,Short stories,Anandibai Ityadi Galpa,Parashuram Rajshekhar Bose,BENGALI,
1957,Poetry,Sagar Theke Phera,Premendra Mitra,BENGALI,
1956,Novel,Arogya Niketan,Tarashankar Bandyopadhyay,BENGALI,
1955,Poetry,Shreshtha Kavita,Jibanananda Das,BENGALI,Awarded Posthumously
2023,Short Stories,Jiu-Safarni Dakhwn,Nandeswar Daimari,BODO (Since 2005),
2022,Poetry,Sansrini Modira,Rashmi Choudhury,BODO (Since 2005),
2021,Poetry,Khora Sayao Arw Himalay ,Mwdai Gahai ,BODO (Since 2005),
2020,Short Stories,Gwthenay Lamayao Gwdan Agan,late Dharanidhar Owari,BODO (Since 2005),
2019,Poetry,Akhai Athumniphrai,Phukan Ch Basumatary,BODO (Since 2005),
2018,Short Stories,Dwngse Lama ,Rituraj Basumatary,BODO (Since 2005),
2017,Novel,Thwisam,Rita Boro,BODO (Since 2005),
2016,Poetry,Ang Maboroi Dong Dasong,Anju Anjali Narzary,BODO (Since 2005),
2015,Poetry,Baidi Dengkhw Baidi Gab,Brajendra Kumar Brahma,BODO (Since 2005),
2014,Poetry,Udangnifrai Gidingfinnanei,Urkhao Gwra Brahma,BODO (Since 2005),
2013,Poetry,Delphini Onthai Mwdai Arw Gubun Gubun Khonthai,Anil Boro,BODO (Since 2005),
2012,Poetry,Boro Khonthai,Guneswar Musahary,BODO (Since 2005),
2011,Poetry,Okhafwrni Dwima,Premananda Mosahari,BODO (Since 2005),
2010,Poetry,Swdwbni Swler,Aurobindo Uzir,BODO (Since 2005),
2009,Novel,Dainee?,Manoranjan Lahar,BODO (Since 2005),Awarded Posthumously
2008,Novel,Birgwsrini Thungri,Bidyasaqar Narzary,BODO (Since 2005),
2007,Short Stories,Dumphaoni Phitha,Janil Kumar Brahma,BODO (Since 2005),
2006,Novel,Sanmwkhangari Lamajwng,Katindra Swargiary,BODO (Since 2005),
2005,Poetry,Jiuni Mwgthang Bisombi Arw Aroj,Mangalshingh Hazowary,BODO (Since 2005),
2023,Poetry-Ghazal,Daun Sadiyan Ek Seer,Vijay Verma,DOGRI (Since 1970),
2022,Drama,Chhe Roopak,Veena Gupta ,DOGRI (Since 1970),
2021,Short Stories,Namme Tunnel ,Raj Rahi ,DOGRI (Since 1970),
2020,Play,Baba Jitmal,Gian Singh,DOGRI (Since 1970),
2019,Essays,Bandralta Darpan,Om Sharma Jandriari,DOGRI (Since 1970),
2018,Novel,Bhagirath ,lnderjeet Kesar,DOGRI (Since 1970),
2017,Short Stories,Banna,Shiv Mehta,DOGRI (Since 1970),
2016,Short Stories,Cheta,Chhatrapal,DOGRI (Since 1970),
2015,Poetry,Parchhamen Di Lo,Dhian Singh,DOGRI (Since 1970),
2014,Novel,Hashiye Par ,Shailender Singh,DOGRI (Since 1970),
2013,Poetry,Doha Satsai,Sitaram Sapolia,DOGRI (Since 1970),
2012,Poetry,Tim-Tim Karde Tare,Bal Krishan Bhaura,DOGRI (Since 1970),Awarded Posthumously
2011,Essays,Cheten Diyan Galiyan,Lalit Magotra,DOGRI (Since 1970),
2010,Short Stories,Pandran Kahaniyan,Manoj,DOGRI (Since 1970),
2009,Poetry,Geet Sarovar,Praduman Singh Jindrahia,DOGRI (Since 1970),
2008,Poetry,Cheten Di Rhol,Champa Sharma,DOGRI (Since 1970),
2007,Epic,Mahatma Vidur,Gian Singh Pagoch,DOGRI (Since 1970),
2006,Poetry,Kore kaakal Korian Talian,Darshan Darshi,DOGRI (Since 1970),
2005,Short Stories,Dhaldi Dhuppe Da Sek,Krishan Sharma,DOGRI (Since 1970),
2004,Essays,Cheten Di Chitabri,Shiv Nath,DOGRI (Since 1970),
2003,Poetry,Jhull Bada Dea Pattara,Ashwani Magotra,DOGRI (Since 1970),Awarded Posthumously
2002,Travelogue,Trip Trip Chete,Om Vidyarthi,DOGRI (Since 1970),
2001,Poetry,Nighe Rang,Verinder Kesar,DOGRI (Since 1970),
2000,Short stories,Meel Patthar,Bandhu Sharma,DOGRI (Since 1970),Awarded Posthumously
1999,Poetry,Mangwi Pashakri,Kuldeep Singh Jindhrahia,DOGRI (Since 1970),Awarded Posthumously
1997,Novel,Bakhre Bakhre Sach,Shiv Dev Singh Sushil,DOGRI (Since 1970),
1996,Poetry,Baddali Kalave,Gianeshwar,DOGRI (Since 1970),
1995,Poetry,Lalsa,Abhishap,DOGRI (Since 1970),
1994,Plays,Buddh Suhagan,Jitendra Sharma,DOGRI (Since 1970),
1992,Poetry,Jo Tere Man-Chitta Laggi Ja,Yash Sharma,DOGRI (Since 1970),
1991,Plays,Apni Daphli Apna Raag,Mohan Singh,DOGRI (Since 1970),
1990,Poetry,Jeevan Lehran,Tara Smailpuri,DOGRI (Since 1970),
1989,Poetry,Sodh Samundaren Di,Mohanlal Sapolia,DOGRI (Since 1970),
1988,Poetry,Rattu Da Chanan,Ram Lal Sharma,DOGRI (Since 1970),
1987,Epic,Beddan Dharti Di,Prakash Premi,DOGRI (Since 1970),
1986,Short stories,Sunee Di Chiree,Om Goswami,DOGRI (Since 1970),
1985,Play,Ayodhya,Dinoo Bhai Pant,DOGRI (Since 1970),
1984,Poetry,Gamlen De Cactus,Shiv Ram Deep,DOGRI (Since 1970),
1983,Short stories,Aale,Ved Rahi,DOGRI (Since 1970),
1982,Novel,Qaidi,Deshbandhu Dogra Nutan,DOGRI (Since 1970),
1981,Poetry,Ek Shehr Yaaden Da,Jitendra Udhampuri,DOGRI (Since 1970),
1980,Poetry,Ghar,Kunwar Viyogi,DOGRI (Since 1970),
1979,Novel,Nanga Rukh,OP Sharma Sarathi,DOGRI (Since 1970),
1978,Novel,Sanjhi Dharti Bakhle Mahnu,Narsingh Dev Jamwal,DOGRI (Since 1970),
1977,Poetry,Main Mele Ra Janun,Kehri Singh Madhukar,DOGRI (Since 1970),
1976,Short stories,Badnami Di Chhan,Ram Nath Shastri,DOGRI (Since 1970),
1975,Poetry,Mere Dogri Geet,Krishna Smailpuri,DOGRI (Since 1970),
1974,Short stories,"Duddh, Lahoo, Zahar",Madan Mohan Sharma,DOGRI (Since 1970),
1972,Novel,Phull Bina Dali,Srivats Vikal,DOGRI (Since 1970),Awarded Posthumously
1971,Poetry,Meri Kavita Mere Geet,Padma Sachdev,DOGRI (Since 1970),
1970,Short stories,Nila Ambar Kale Badal,Narendra Khajuria,DOGRI (Since 1970),Awarded Posthumously
2023,Novel,Requiem in Raga Janki,Neelum Saran Gour,ENGLISH,
2022,Novel,All The Lives We Never Lived,Anuradha Roy,ENGLISH,
2021,Novel,Things to Leave Behind ,Namita Gokhae ,ENGLISH,
2020,Poetry,When God Is a Traveller,Arundhathi Subramaniam,ENGLISH,
2019,Non-Fiction,An era of Darkness,Shashi Tharoor,ENGLISH,
2018,Novel,The Blind Lady's Descendants,Anees Salim ,ENGLISH,
2017,Novel,The Black Hill,Mamang Dai,ENGLISH,
2016,Novel,Em and the big Hoom,Jerry Pinto,ENGLISH,
2015,Novel,Chronicle of a Corpse Bearer,Cyrus Mistry,ENGLISH,
2014,Poetry,Trying to Say Goodbye,Adil Jussawalla,ENGLISH,
2013,Short Stories,Laburnum For My Head ,Temsula Ao ,ENGLISH,
2012,Poetry,These Errors Are Correct,Jeet Thayil,ENGLISH,
2011,Narrative History,India After Gandhi,Ramachandra Guha,ENGLISH,
2010,Novel,Book of Rachel,Esther David,ENGLISH,
2009,Critical Analysis,The Mahabharata : An Inquiry in the Human Condition,Badrinath Chaturvedi,ENGLISH,Awarded Posthumously
2007,Novel,Disorderly Women,Malathi Rao,ENGLISH,
2006,Novel,The Sari Shop,Rupa Bajwa,ENGLISH,
2005,Essays,The Algebra of Infinite Justice,Arundhati Roy,ENGLISH,
2004,Novel,The Mammaries of The Walfare State,Upamanyu Chatterjee,ENGLISH,
2003,Essays,The Perishable Empire : Essays On Indian Writing in English,Meenakshi Mukherjee,ENGLISH,
2002,Novel,A New World,Amit Chaudhuri,ENGLISH,
2001,Biography,Rajaji: A Life,Rajmohan Gandhi,ENGLISH,
2000,Novel,Cuckold,Kiran Nagarkar,ENGLISH,
1999,Poetry,The Collected Poems of A.K. Ramanujan,AK Ramanujan,ENGLISH,Awarded Posthumously
1998,Plays,Final Solutions and other Plays,Mahesh Dattani,ENGLISH,
1996,Novel,Memories of Rain,Sunetra Gupta,ENGLISH,
1994,Poetry,Serendip,Dom Moraes,ENGLISH,
1993,Criticism,After Amnesia: Tradition and Change in Indian Literary Criticism,GN Devy,ENGLISH,
1992,Short stories,Our Trees Still Grow in Dehra,Ruskin Bond,ENGLISH,
1991,Novel,The Trotter-Nama ,I Allan Sealy,ENGLISH,
1990,Novel,That Long Silence,Shashi Deshpande,ENGLISH,
1989,Novel,The Shadow Lines,Amitav Ghosh,ENGLISH,
1988,Novel in verse,The Golden Gate,Vikram Seth,ENGLISH,
1987,Poetry,Trapfalls in the Sky,Shiv K Kumar,ENGLISH,
1986,Novel,Rich Like Us,Nayantara Sahgal,ENGLISH,
1985,Poetry,Collected Poems,Kamala Das,ENGLISH,
1984,Poetry,The Keeper of the Dead,Keki N Daruwalla,ENGLISH,
1983,Poetry,Latter-Day Psalms,Nissim Ezekiel,ENGLISH,
1982,Novel,The Last Labyrinth,Arun Joshi,ENGLISH,
1981,Poetry,Relationship,Jayant Mahapatra,ENGLISH,
1980,Biography,"On the Mother, Vol. I and II",KR Srinivasa lyengar,ENGLISH,
1979,Novel,Inside the Haveli,Rama Mehta,ENGLISH,Awarded Posthumously
1978,Novel,Fire on the Mountain,Anita Desai,ENGLISH,
1977,Novel,Azadi,Chaman Nahal,ENGLISH,
1976,1889-1947) (Biography,Jawaharlal Nehru,S Gopal,ENGLISH,
1975,Biography,Scholar Extraordinary,Nirad C Chaudhuri,ENGLISH,
1971,Novel,Morning Face,Mulk Raj Anand,ENGLISH,
1969,Study of Tagore,An Artist in Life,Niharranjan Ray,ENGLISH,
1967,Novel,Shadow from Ladakh,Bhabani Bhattacharya,ENGLISH,
1965,Autobiography,The Tribal World of Verrier Elwin,Verrier Elwin,ENGLISH,Awarded Posthumously
1963,Novel,The Serpent and the Rope,Raja Rao,ENGLISH,
1960,Novel,The Guide,RK Narayan,ENGLISH,
2023,Epic Poetry,Sairandhree,Vinod Joshi,GUJARATI,
2022,Autobiographical Essays,Gher Jatan ,Gulam Mohammad Shaikh,GUJARATI,
2021,Poetry,Gandh Manjusha,Yagnesh Dave,GUJARATI,
2020,Poetry,Banaras Diary,Harish Meenashru,GUJARATI,
2019,Essays,Mojma Revu Re,Ratilal Borisagar,GUJARATI,
2018,Essays,Vibhajanni Vyatha ,Sharifa Vijliwala,GUJARATI,
2017,Criticism,Gujarati Vyakaranna Baso Varsh,Urmi Ghanshyam Desai,GUJARATI,
2016,Poetry,Anekek,Kamal Vora,GUJARATI,
2015,Part-I & II)(Essays,Antey Aarambh,Rasik Shah,GUJARATI,
2014,Essays,Chhabi Bhitarani,late Ashvin Mehta,GUJARATI,
2013,Poetry,Khara Zaran,Chinu Modi,GUJARATI,
2012,Criticism,Sakshibhasya,Chandrakant Topiwala,GUJARATI,
2011,Short Stories,Anchaio,Mohan Parmar,GUJARATI,
2010,Novel,Chhavani,Dhirendra Mehta,GUJARATI,
2009,Criticism,Vaat Apna Vivechanani,Shirish J Panchal,GUJARATI,
2008,Short Stories,Fatfatiun,Suman Shah,GUJARATI,
2007,Poetry,Gazal-Samhita,Rajendra Shukla,GUJARATI,
2006,Essays,Aatano Suraj,Ratilal Anil,GUJARATI,
2005,Poetry,Akhand Zalar Vage,Suresh Dalal,GUJARATI,
2004,Traveloque,Saundaryani Nadi Narmada,Amritlal Vegad,GUJARATI,
2003,Novel,Akhepatar,Bindu Bhatt,GUJARATI,
2002,Novel,Tattvamasi,Dhruv Prabodhrai Bhatt,GUJARATI,
2001,Novel,Agantuk,Dhiruben Patel,GUJARATI,
2000,Novel,Dhundhabhari Khin,Vinesh Antani,GUJARATI,
1999,Criticism,Gujarati Sahiyta-Purvardha Uttarardha,Niranjan N Bhagat,GUJARATI,
1998,Criticism,Vank-dekham Vivechano,Jayant Kothari,GUJARATI,
1997,Novel,Kuvo,Ashokpuri Goswami,GUJARATI,
1996,Short stories,Andhari Galima Safed Tapakan,Himanshi Shelat,GUJARATI,
1995,Novel,Ansar,Varsha M Adalja,GUJARATI,
1994,Poetry,Vitan Sud Beej,Ramesh Parekh,GUJARATI,
1993,Biography,Agnikundaman Ugelun Gulab,Narayan Desai,GUJARATI,
1992,Travelogue,Devoni Ghati,Bholabhai Patel,GUJARATI,
1991,Poetry,Tolan Aawaz Ghunghat,Labhshanker Thaker,GUJARATI,
1990,Essays,Statue,Anil R Joshi,GUJARATI,
1989,Novel,Angaliat,Joseph Macwan,GUJARATI,
1988,Novel,Asooryalok,Bhagwatikumar Sharma,GUJARATI,
1987,Poetry,Jatayu,Sitanshu Yashaschandra,GUJARATI,
1986,Reminiscences,Dhoolmani Paglio,Chandrakant T Sheth,GUJARATI,
1985,Novel,Sat Paglan Aakashman,Kundanika Kapadia,GUJARATI,
1984,Literary criticism,Vivechanni Prakriya,Ramanlal Joshi,GUJARATI,
1983,Essays,Chintayami Manasa,Suresh Joshi,GUJARATI,
1982,Poetry,Lilero Dhal,Priyakant Maniar,GUJARATI,Awarded Posthumously
1981,Criticism,Rachna ane Samrachna,Harivallabh Bhayani,GUJARATI,
1980,Poetry,Anunaya,Jayant Pathak,GUJARATI,
1979,Poetry,Vamal Nan Van,Jagdish Joshi,GUJARATI,Awarded Posthumously
1978,Poetry,Hayati,Harindra Dave,GUJARATI,
1977,Novel,Uparvas Kathatrayi,Raghuvir Chaudhari,GUJARATI,
1976,Poetry,Aswattha,NK Pandya Ushanas,GUJARATI,
1975,Novel,Socrates,Manubhai Pancholi Darshak,GUJARATI,
1974,Literary criticism,Tartamya,Anantrai M Raval,GUJARATI,
1973,Literary criticism,Kavini Shraddha,Umashankar Joshi,GUJARATI,
1971,Travelogue,Natya Gathariyan,CC Mehta,GUJARATI,
1970,Literary criticism,Abhinavano Rasavichar,Nagindas Parekh,GUJARATI,
1969,Pen-portraits,Kulkathao,Swami Anand,GUJARATI,
1968,Literary reviews,Avalokana ,Sundaram Tribhuvandas P Luhar,GUJARATI,
1967,Linguistic study,Gujarati Bhashanum Dhwani-Swarup and Dhwani-Parivartan,PB Pandit,GUJARATI,
1965,Essays,Jeevan-Vyavastha,Kakasaheb Kalelkar,GUJARATI,
1964,Essays,Naivedya,Dolarrai R Mankad,GUJARATI,
1963,Poetry,Shant Kolahal,Rajendra Shah,GUJARATI,
1962,Critical writings,Upayana,VR Trivedi,GUJARATI,
1961,A cultural survey,Kachhnun Sanskrit Darshan,Ram Singhji Rathod,GUJARATI,
1960,Play,Sharvilak,Rasiklal C Parekh,GUJARATI,
1958,Philosophical essays,Darshan ane Chintan,Pandit Sukhlal,GUJARATI,
1956,Treatise on prosody,Brihat-Pingal,Ramnarayan Pathak,GUJARATI,Awarded Posthumously
1955,Memoirs,Mahadev Bhaini Diary,Mahadev Desai,GUJARATI,Awarded Posthumously
2023,Novel,Mujhe Pahachaano,Sanjeev,HINDI,
2022,Poetry,Tumadi Ke Shabd,Badri Narayan ,HINDI,
2021,Play,Samrat Ashok ,Daya Prakash Sinha ,HINDI,
2020,Poetry,Tokri Mein Digant ‘Their  Gatha’ : 2014,Anamika,HINDI,
2019,Poetry,Chheelate Hue Apne Ko,Nand Kishore Acharya,HINDI,
2018,Novel,Post Box No. 203-Naala Sopara,Chitra Mudgal ,HINDI,
2017,Literary Criticism,Vishw Mithak Sarit Sagar,Ramesh Kuntal Megh,HINDI,
2016,Novel,Paarijat,Nasira Sharma,HINDI,
2015,Poetry,Aag Ki Hansi,Ramdarash Mishra,HINDI,
2014,Novel,Vinayak,Ramesh Chandra Shah,HINDI,
2013,Novel,Miljul Man ,Mridula Garg,HINDI,
2012,Poetry,Patthar Fenk Raha Hoon,Chandrakant Devtale,HINDI,
2011,Novel,Rehan Per Raghu,Kashinath Singh,HINDI,
2010,Short Story,Mohan Das,Uday Prakash,HINDI,
2009,Poetry,Hawa Main Hasthakshar,Kailash Vajpeyi,HINDI,
2008,Novel,Kohre Mein Kaid Rang,Govind Mishra,HINDI,
2007,Novel,Inhin Hathiyaron Se,Amar Kant,HINDI,
2006,Poetry,Sanshyatma,Gyanendrapati,HINDI,
2005,Novel,Kyaap,Manohar Shyam Joshi,HINDI,
2004,Poetry,Dushchakra Mein Srista,Viren Dangwal,HINDI,
2003,Novel,Kitne Pakistan,Kamleshwar,HINDI,
2002,Poetry,Do Panktiyon Ke Beech,Rajesh Joshi,HINDI,
2001,Novel,Kali-Katha : Via Bypass,Alka Saraogi,HINDI,
2000,Poetry,Hum Jo Dekhte Hain,Manglesh Dabral,HINDI,
1999,Novel,Deewar Main Ek Khirkee Rahathi Thi,Vinod Kumar Shukla,HINDI,
1998,Poetry,Naye Ilake Mein,Arun Kamal,HINDI,
1997,Poetry,Anubhav Ke Aakash Mein Chand,Leeladhar Jagoori,HINDI,
1996,Novel,Mujhe Chand Chahiye,Surendra Verma,HINDI,
1995,Poetry,Koi Doosra Nahin,Kunwar Narain,HINDI,
1994,Poetry,Kahin Nahin Wahin,Ashok Vajpeyi,HINDI,
1993,Novel,Ardhanarishwar,Vishnu Prabhakar,HINDI,
1992,Novel,Dhai Ghar,Giriraj Kishore,HINDI,
1991,Poetry,Main Vaqt Ke Hun Samne,Girija Kumar Mathur,HINDI,
1990,Novel,Neela Chand,Shiv Prasad Singh,HINDI,
1989,Poetry,Akaal Mein Saras,Kedarnath Singh,HINDI,
1988,Poetry,Aranya,Naresh Mehta,HINDI,
1987,Poetry,Magadh,Shrikant Verma,HINDI,
1986,Poetry,Apurva,Kedarnath Aggarwal,HINDI,
1985,Short stories,Kavve aur Kala Pani,Nirmal Varma,HINDI,
1984,Poetry,Log Bhool Gaye Hain,Raghuvir Sahai,HINDI,
1983,Poetry,Khutiyon Par Tange Log,Sarveshwar Dayal Saxena,HINDI,Awarded Posthumously
1982,Satire,Viklang Shraddha Ka Daur,Harishankar Parsai,HINDI,
1981,Novel,Tap Ke Taye Hue Din,Trilochan,HINDI,
1980,Novel,Zindaginama-Zinda Rukh,Krishna Sobti,HINDI,
1979,Poetry,Kal Sunana Mujhe,Dhoomil,HINDI,Awarded Posthumously
1978,Poetry,Utna Vah Suraj Hai,Bharat Bhushan Agarwal,HINDI,Awarded Posthumously
1977,Poetry,Chuka Bhi Hun Nahin Main,Shamsher Bahadur Singh,HINDI,
1976,Novel,Meri Teri Uski Baat,Yashpal,HINDI,
1975,Novel,Tamas,Bhisham Sahni,HINDI,
1974,Poetry,Mitti Ki Baraat,Shiv Mangal Singh Suman,HINDI,
1973,Essays,Alok Parva,Hazari Prasad Dwivedi,HINDI,
1972,Poetry,Buni Huyi Rassi,Bhawani Prasad Mishra,HINDI,
1971,Literary criticism,Kavita Ke Naye Pratiman,Namwar Singh,HINDI,
1970,Biography,Nirala Ki Sahitya Sadhana,Ram Vilas Sharma,HINDI,
1969,Novel,Rag Darbari,Shrilal Shukla,HINDI,
1968,Poetry,Do Chattanen,Harivansh Rai Bachchan,HINDI,
1967,Novel,Amrit Aur Vish,Amritlal Nagar,HINDI,
1966,Novelette,Muktibodh,Jainendra Kumar,HINDI,
1965,Treatise on poetics,Rasa Siddhanta,Nagendra,HINDI,
1964,Poetry,Aangan Ke Par Dvar,Agyeya SH Vatsyayan,HINDI,
1963,Biography,Premchand: Kalam Ka Sipahi,Amrit Rai,HINDI,
1961,Novel,Bhoole Bisre Chitra,Bhagwaticharan Verma,HINDI,
1960,Poetry,Kala aur Burha Chand,Sumitranandan Pant,HINDI,
1959,A survey of Indian culture,Sanskriti Ke Char Adhyaya,DinkarRamdhari Sinha,HINDI,
1958,History,Madhya Asia Ka Itihas,Rahul Sankrityayan,HINDI,
1957,Philosophy,Bauddha Dharma-Darshan,Acharya Narendra Dev,HINDI,Awarded Posthumously
1956,Commentary,Padmavat Sanjivani Vyakhya,Vasudevasaran Agrawala,HINDI,
1955,Poetry,Him-Tarangini,Makhanlal Chaturvedi,HINDI,
2023,Essays,Mahabharatha Anusandhanada Bharathayatre,Lakshmisha Tolpadi,KANNADA,
2022,Collection of Articles,"
           Bahutvada  Bhaarata mattu Bouddha Taatvikate 
        ",Mudnakudu Chinnaswamy,KANNADA,
2021,Biography,Gandhi Kathana ,DS Nagabhushana,KANNADA,
2020,Epic Poetry,Sri Bahubali  Ahimsadigvijayam,M Veerappa Moily,KANNADA,
2019,Autobiography,Kudi Esaru,Vijaya,KANNADA,
2018,Literary Criticism,Anushreni-Yajamanike,KG Nagarajappa,KANNADA,
2017,Literary Criticism,Kathana Bharathi,TP Ashoka ,KANNADA,
2016,Novel,Swatantryada Ota,Boluwaru Mohammad Kunhi,KANNADA,
2015,Poetry,Akshaya Kavya,KV Tirumalesh,KANNADA,
2014,Essays,Uttaraardha,GH Nayak,KANNADA,
2013,Essays,Akyana-Vyakyana ,CN Ramachandran,KANNADA,
2012,Poetry,Mabbina Haage Kaniveyaasi,HS Shiva Prakash,KANNADA,
2011,Novel,Swapna Saraswata,Gopalakrishna Pai,KANNADA,
2010,Criticism,Kattiyachina Daari,Rahamath Tarikere,KANNADA,
2009,Short Stories,Krouncha Pakshigalu,Vaidehi,KANNADA,
2008,Novel,Halla Bantu Halla,Shrinivas B Vaidya,KANNADA,
2007,Novel,Aramance,Kum Veerabhadrappa,KANNADA,
2006,Essays,Marga-4,MM Kalburgi,KANNADA,
2005,Novel,Teru,Raghavendra Patil,KANNADA,
2004,Novel,Baduku,Geetha Nagabhushana,KANNADA,
2003,Essays,Kaviraja Marga Mattu Kannada Jagattu,KV Subbanna,KANNADA,
2002,Epic,Yugasandhya,Sujana S Narayana Shetty,KANNADA,
2001,Literary history,English Sahitya Charitre,LS Seshagiri Rao,KANNADA,
2000,Novel,Om Namo,Shantinath K Desai,KANNADA,Awarded Posthumously
1999,Essays,Sahitya Kathana,DR Nagaraj,KANNADA,Awarded Posthumously
1998,Poetry,Sapthapadi,BC Ramachandra Sharma,KANNADA,
1997,Criticism,Hosatu Hosatu,M Chidananda Murthy,KANNADA,
1996,Literary criticism,Bhuvanada Bhagya,GSAmur,KANNADA,
1995,Criticism,Uriya Nalage,Kirtinath Kurtkoti,KANNADA,
1994,Play,Taledanda,Girish Karnad,KANNADA,
1993,Short Stories,Kallu Karaguva Samaya,P Lankesh,KANNADA,
1992,Poetry,Bakulada Hoovugalu,SR Ekkundi,KANNADA,
1991,Play,Sirisampige,Chandrasekhara Kambar,KANNADA,
1990,Novel,Kusuma Bale,Devanur Mahadeva,KANNADA,
1989,Belles-Lettres,Samprati,HM Nayak,KANNADA,
1988,Novel,Avadheshwari,Shankar Mokashi Punekar,KANNADA,
1987,Novel,Chidambara Rahasya,KP Poornachandra Tejaswi,KANNADA,
1986,Novel,Bandaya,Vyasaraya Ballal,KANNADA,
1985,Novel,Durgaasthamaana,TR Subba Rao Ta Ra Su,KANNADA,Awarded Posthumously
1984,Literary Criticism,Kavyartha Chintana,GS Sivarudrappa,KANNADA,
1983,Short stories,Katheyaadalu Hudugi,Yashwant Chittal,KANNADA,
1982,Novel,Vaishakha,Chaduranga,KANNADA,
1981,Poetry,Jeewa Dhwani,Chennaveera Kanavi,KANNADA,
1980,Travelogue,Americadalli Goruru,Goruru Ramaswami lyengar,KANNADA,
1979,Reminiscences,Chitragalu Patragalu,AN Moorthy Rao,KANNADA,
1978,Travelogue,Hasuru Honnu,BGL Swamy,KANNADA,
1977,Poetry,Tereda Baagilu,KS Narasimhaswam,KANNADA,
1976,Psychiatric studies,Mana Manthana,M Shivaram,KANNADA,
1975,Novel,Daatu,SL Bhyrappa,KANNADA,
1974,Poetry,Vardhamaana,Gopalakrishna Adiga,KANNADA,
1973,Poetry,Aralu Baralu,V Sitaramaiah,KANNADA,
1972,Commentary,Shoonyasampadaneya Paramarshe,SS Bhoosnurmath,KANNADA,
1971,Literary criticism,Kalidasa,Adya Rangacharya,KANNADA,
1970,Cultural Study,Karnataka Samskritiya Poorva Peethike,SB Joshi,KANNADA,
1969,Cultural Study,Karnataka Samskriti Sameekshe,H Tipperudraswamy,KANNADA,
1968,12-13) (Short Stories,Sannakathegalu,Srinivasa Masti Venkatesa lyengar,KANNADA,
1967,Philosophical expositions,Shrimad Bhagavadgita Tatparya Athava Jivanadharmayoga,DV Gundappa,KANNADA,
1966,Musical plays,Hamsa Damayand Mattu Itara Rupakagalu,PT Narasimhachar,KANNADA,
1965,Philosophical reflections,Ranga Binnapa,SV Ranganna,KANNADA,
1964,Novel,Kranti-Kalyana,B Puttaswamayya,KANNADA,
1962,Novel,Mahakshatriya,Devudu Narasimha Sastri,KANNADA,Awarded Posthumously
1961,A critical Study,Bangali Kadambarikara Bankim Chandra,AR Krishna Sastri,KANNADA,
1960,Poetry,Dyava-Prithvi,Vinayaka VK Gokak,KANNADA,
1959,A treatise on folk-drama,Yakshagana Bayalata,KS Karanth,KANNADA,
1958,Poetry,Aralu-Maralu,DR Bendre,KANNADA,
1956,History of Literature,Kannada Sahitya Charitre,RS Mugali,KANNADA,
1955,Epic,Sri Ramayana Darsanam,Kuvempu KV Puttappa,KANNADA,
2023,Poetry,Yeth Waweh Halay Tsong Kous Zalay,Manshoor Banihali,KASHMIRI,
2022,Literary Criticism,Zael Dab,Farooq Fayaz ,KASHMIRI,
2021,Criticism,Tawazun ,Wali Mohd Aseer Kashtawari ,KASHMIRI,
2020,Short Stories,Tilasm-e-Khanabadosh,Late Hirday Koul  Bharti,KASHMIRI,
2019,Short Stories,Akh Yaad Akh Qayamat,Abdul Ahad Hajini,KASHMIRI,
2018,Short Stories,Aakh,Mushtaq Ahmad Mushtaq,KASHMIRI,
2017,Short Stories,Yeli Parda Woth,Autar Krishen Rahbar,KASHMIRI,
2016,Criticism,Aane Khane,Aziz Hajini,KASHMIRI,
2015,Criticism,Jamis Ta Kasheeri Manz Kashir Natia Adabuk Tawareekh,Bashir Bhadarwahi,KASHMIRI,
2014,Poetry,Kore Kakud Pushrith Gome,Shad Ramzan,KASHMIRI,
2013,Short Stories,Aina Aatash ,MohiudDin Reshi,KASHMIRI,
2012,Poetry,Yath Aangnas Manz,Makhan Lal Kanwal,KASHMIRI,
2011,Poetry,Na Thsay Na Aks,Naseem Shafaie,KASHMIRI,
2010,Criticism,Yiman Padan Mye Vetsaar Gotshuy,Basher Bashir,KASHMIRI,
2009,Literary Criticism,Vont,Mishal Sultanpuri,KASHMIRI,
2008,Criticism,Baazyaafat,Ghulam Nabi Aatash,KASHMIRI,
2007,Short Stories,Tshen,Ratan lal Shant,KASHMIRI,
2006,Poetry,Yaad Aasmqnqn Hinz,Shafi Shauq,KASHMIRI,
2005,Poetry,Yath Miani Joye,Hamidi Kashmiri,KASHMIRI,
2004,Poetry,Sada Te Samandar,Gh Nabi Firaq,KASHMIRI,
2003,Short Stories,Yell Phol Gaash,Som Nath Zutshi,KASHMIRI,Awarded Posthumously
2002,Criticism,Pursaan,Naji Munawar,KASHMIRI,
2001,Poetry,Rikhah,MohiudDinGowhar,KASHMIRI,Awarded Posthumously
2000,Short Stories,Yath Raaz Danay,Harikrishna Kaul,KASHMIRI,
1999,Poetry,Vahrat,Rashid Nazki,KASHMIRI,
1998,Criticism,Mahjoor Shinasi,Mohammad Yousuf Taing,KASHMIRI,
1997,Poetry,Nai Che Nallan,Rafiq Raaz,KASHMIRI,
1995,Poetry,Naar Hatun Kazal Wanas,M Farooq Nazki,KASHMIRI,
1994,Play,Kaeji Raath,Sajood Sailani,KASHMIRI,
1993,Essays,Kenh Natu Kenh,Syed Rasool Pompur,KASHMIRI,
1992,Poetry,Amaar,Shafi Shaida,KASHMIRI,
1991,Poetry,Achhre Tsange,Ghulam Nabi Tak Naazir,KASHMIRI,
1990,Poetry,Kashur Sarmaya,Fazil Kashmiri,KASHMIRI,
1989,Novel,Sheen Te Watpod,Pran Kishore,KASHMIRI,
1988,Novel,Pun-Te-Paap,Ghulam Nabi Gauhar,KASHMIRI,
1987,Poetry,Awaz-i-Dost,Mir Ghulam Rasool Nazki,KASHMIRI,
1986,Poetry,Shihil Kul,Dina Nath Nadim,KASHMIRI,
1985,Poetry,Lole Vetsar,Mirza GH Beg Arif,KASHMIRI,
1984,Essays,Essay,Mohd Zaman Azurdah,KASHMIRI,
1982,Play,Natak Truche,Motilal Kemmu,KASHMIRI,
1981,Poetry,Mansar,Moti Lal Saqi,KASHMIRI,
1979,Poetry,Partavistan,Marghoob Banihali,KASHMIRI,
1978,Poetry,Be Soakh Rooth,GR Santosh,KASHMIRI,
1976,Plays,Machama,Pushkar Bhan,KASHMIRI,
1975,Essays,Gaashir Munaar,Ghulam Nabi Khayal,KASHMIRI,
1972,Play,Suyya,Ali Mohammad Lone,KASHMIRI,
1970,Essays,Maqualaat,Mohiuddin Hajini,KASHMIRI,
1969,Linguistic Study,Ka ‘Shri Zab’: Ny Hund Alleqavaad Phera,Abdul Khaliq Tak Zainageri,KASHMIRI,
1967,Poetry,Laveh Te Praveh,Amin Kamil,KASHMIRI,
1961,Poetry,Nauroz-i-Saba,A Rahman Rahi,KASHMIRI,
1958,Short stories,Sat Sangar,Akhtar MohiudDin Ghulam MohiudDinAkhtar Wani,KASHMIRI,
1956,Poetry,Sumran,Zinda Kaul Masterji,KASHMIRI,
2023,Short Stories,Varsal,Prakash S Parienkar,KONKANI (Since 1977),
2022,Novel,Amrutvel,Maya Anil Kharangate,KONKANI (Since 1977),
2021,Poetry,Raktachandan ,Sanjiv Verenkar ,KONKANI (Since 1977),
2020,Poetry,Yugaparivarthanancho  Yatri,RS Bhaskar,KONKANI (Since 1977),
2019,Poetry,The Words,Nilba A Khandekar,KONKANI (Since 1977),
2018,Poetry,Chitralipi,Paresh Narendra Kamat,KONKANI (Since 1977),
2017,Short Stories,Khand Ani Her Katha,Gajanan Jog,KONKANI (Since 1977),
2016,Novel,Kale Bhangar,Edwin JFDsouza,KONKANI (Since 1977),
2015,Play,Karna Parva,Uday Bhembre,KONKANI (Since 1977),
2014,Essays,Manthan,Madhavi Sardesai,KONKANI (Since 1977),
2013,Essays,Manmotayam ,Tukaram Rama Shet,KONKANI (Since 1977),
2012,Poetry,Kavyasutra,Kashinath Shamba Lolienkar SDTendulkar,KONKANI (Since 1977),
2011,Poetry,Prakriticho Paas,Melvyn Rodrigues,KONKANI (Since 1977),
2010,Poetry,Kayallyachem Sraddha,Arun Sakhardande,KONKANI (Since 1977),
2009,Poetry,Kirvontt,Jess Fernandes,KONKANI (Since 1977),
2008,Novel,Ghanaqhai Niyatiche,Ashok Kamat,KONKANI (Since 1977),
2007,Novel,Dika,Devidas Kadam,KONKANI (Since 1977),
2006,Essays,Jai Kai Jui,Datta Damodar Naik,KONKANI (Since 1977),
2005,Short Stories,Bhaangarsaall,N Shivdas,KONKANI (Since 1977),
2004,Short Stories,Athang,Jayanti Naik,KONKANI (Since 1977),
2003,Short Stories,Parigh,Shashank Sitaram,KONKANI (Since 1977),Awarded Posthumously
2002,Novel,Bhogadandd,Hema Naik,KONKANI (Since 1977),
2001,Poetry,Yaman,Madhav Borcar,KONKANI (Since 1977),
2000,Poetry,Champhel’li Sanj,Pandurang Bhangui,KONKANI (Since 1977),
1999,Poetry,Antarnad,Saratchandra Shenoi,KONKANI (Since 1977),
1998,Poetry,Ashim Asim Lharan,John Baptist Sequeira,KONKANI (Since 1977),
1997,Pen-portraits,Bhuim Chafim,Sheela Kolambkar,KONKANI (Since 1977),
1996,Poetry,Nilem Nilem Braham,Sankar Ramani,KONKANI (Since 1977),
1995,Travelogue,Gomanchal Te Himachal,Dilip Borkar,KONKANI (Since 1977),
1994,Short Stories,Antarayami,Gokuldas Prabhu,KONKANI (Since 1977),
1993,Short Stories,Tarangan,Mahabaleshwar Sail,KONKANI (Since 1977),
1992,Poetry,Vanshakulachen Denen,Nagesh Karmali,KONKANI (Since 1977),
1991,Short stories,Sapan Fulam,Meena Kakodkar,KONKANI (Since 1977),
1990,Poetry,Savul Gori,Ramesh B Veluskar,KONKANI (Since 1977),
1989,Poetry,Sonshyache Kan,CF DCosta,KONKANI (Since 1977),
1988,Short stories,Vhonkolpavnni,Chandrakant Keni,KONKANI (Since 1977),
1987,Short stories,Panaji Atam Mhatari Zalea,Arvind N Mambro,KONKANI (Since 1977),
1986,Poetry,Hanv Monis Asvat-Thamo,Prakash Damodar Padgaonkar,KONKANI (Since 1977),
1985,Poetry,Bhitorlem Tufan,JB Moraes,KONKANI (Since 1977),
1984,One-act play,Chowrang,Pundalik Narayan Naik,KONKANI (Since 1977),
1983,Novel,Karmelin,Damodar Mauzo,KONKANI (Since 1977),
1982,Essays,Khabari,Laxmanrao Sardessai,KONKANI (Since 1977),
1981,Poetry,Sasaya,BB Borkar Bakibab,KONKANI (Since 1977),
1980,Poetry,Pissolim,Manohar Sardessai,KONKANI (Since 1977),
1979,Poetry,Dorya Gazota,RV Pandit,KONKANI (Since 1977),
1978,Humorous essays,Manni Punav,DK Sukhthankar,KONKANI (Since 1977),
1977,Travelogue,Himalayant,Ravindra Kelekar,KONKANI (Since 1977),
2023,Essays,Bodha Sanketan,Basukinath Jha,MAITHILI (Since 1966),
2022,Poetry,Pen-Drive Me Prithvi,Ajit Azad ,MAITHILI (Since 1966),
2021,Novel,Pangu,Jagdish Prasad Mandal,MAITHILI (Since 1966),
2020,Short Stories,Gachh Roosal Achhi,Kamalkant Jha,MAITHILI (Since 1966),
2019,Poetry,Jingik Oriaon Karait,Kumar Manish Arvind,MAITHILI (Since 1966),
2018,Short Stories,Parineeta,Bina Thakur ,MAITHILI (Since 1966),
2017,Poetry,Jahalak Diary,Udaya Narayana Singh Nachiketa,MAITHILI (Since 1966),
2016,Short Stories,Barki Kaki at Hotmail Dot Corn,Shyam Darihare,MAITHILI (Since 1966),
2015,Short Stories,Khissa,Man Mohan Jha,MAITHILI (Since 1966),
2014,Novel,Uchat,Asha Mishra,MAITHILI (Since 1966),
2013,Memoirs,Sangharsh Aa Sehanta,Sureshwar Jha,MAITHILI (Since 1966),
2012,Autobiography,Kist-Kist Jeewan,Shefalika Verma,MAITHILI (Since 1966),
2011,Poetry,Apaksha,Uday Chandra Jha Vinod,MAITHILI (Since 1966),
2010,Novel,Bhamati,Usha Kiran Khan,MAITHILI (Since 1966),
2009,Short Stories,Ganga-Putra,Man Mohan Jha,MAITHILI (Since 1966),Awarded Posthumously
2008,Memoirs,Katek Daaripar,Mantreshwar Jha,MAITHILI (Since 1966),
2007,Short Stories,Sarokar,Pradip Bihari,MAITHILI (Since 1966),
2006,Short Stories,Kaath,Bibhuti Anand,MAITHILI (Since 1966),
2005,Poetry,Chanan Ghan Gachchiya,Vivekanand Thakur,MAITHILI (Since 1966),
2004,Epic,Shakuntala,Chandrabhanu Singh,MAITHILI (Since 1966),
2003,Short Stories,Ritambhara,Niraja Renu Khamakhy A Devi,MAITHILI (Since 1966),
2002,Poems,Sahasmukhi Chowk Par,Somdev,MAITHILI (Since 1966),
2001,Epic,Pratijna Pandav,Babuajee Jha Ajnat,MAITHILI (Since 1966),
2000,Poetry,Katek Raas Baat,Ramanand Renu,MAITHILI (Since 1966),
1999,Short Stories,Gananayak,Saketanand,MAITHILI (Since 1966),
1998,Poetry,Takait Achhi Chirai,Jeeva Kant,MAITHILI (Since 1966),
1997,Poetry,Dhwast Hoet Shanti Stoop,Keerti Narayan Mishra,MAITHILI (Since 1966),
1996,Short stories,Aai Kaalhi Parsoo,Raj Mohan Jha,MAITHILI (Since 1966),
1995,Poetry,Kavita Kusumanjali,Jayamanta Mishra,MAITHILI (Since 1966),
1994,Short stories,Uchitavakta,Gangesh Gunjan,MAITHILI (Since 1966),
1993,Short stories,Samak Pauti,Govinda Jha,MAITHILI (Since 1966),
1992,Essays,Vividha,Bhimanath Jha,MAITHILI (Since 1966),
1991,Play,Pasijhaita Pathar,Ramdeo Jha,MAITHILI (Since 1966),
1990,Short stories,Prabhasak Katha,Prabhas Kumar Choudhuri,MAITHILI (Since 1966),
1989,Epic,Parasar,Kanchinath Jha Kiran,MAITHILI (Since 1966),Awarded Posthumously
1988,Novel,Mantraputra,Mayanand Mishra,MAITHILI (Since 1966),
1987,Short stories,Atita,Umanath Jha,MAITHILI (Since 1966),
1986,Belles-lettres,Natik Patrak Uttar,Subhadra Jha,MAITHILI (Since 1966),
1985,Autobiography,Jeevan Yatra,Hari Mohan Jha,MAITHILI (Since 1966),Awarded Posthumously
1984,Poetry,Suryamukhi,Arsi Prasad Singh,MAITHILI (Since 1966),
1983,Treatise,Maithili Patrakaritaka Ithihas,Chandranath Mishra Amar,MAITHILI (Since 1966),
1982,Novel,Marichika,Lily Ray,MAITHILI (Since 1966),
1981,Epic,Agastyayaini,Markandeya Pravasi,MAITHILI (Since 1966),
1980,Novel,Ee Bataha Sansar,Sudhanshu Shekhar Chaudhary,MAITHILI (Since 1966),
1979,Poetry,Krishna-charit,Tantranath Jha,MAITHILI (Since 1966),
1978,Poetry,Baji Uthal Murali,Upendra Thakur Mohan,MAITHILI (Since 1966),
1977,Literary criticism,Avahatta: Udbhava O Vikas,Rajeshwar Jha,MAITHILI (Since 1966),Awarded Posthumously
1976,Epic,Sitayana,Vaidyanath Mallik Vidhu,MAITHILI (Since 1966),
1975,Reminiscences,Kichhu Dekhal Kichhu Sunal,Girindramohan Mishra,MAITHILI (Since 1966),
1973,Novel,Naika Banijara,Braj Kishore Verma Manipadma,MAITHILI (Since 1966),
1971,Poetry,Payasvini,Surenda Jha Suman,MAITHILI (Since 1966),
1970,Epic poetry,Radha Viraha,Kashikant Mishra Madhup,MAITHILI (Since 1966),
1969,Novel,Du Patra,Upendranth Jha,MAITHILI (Since 1966),
1968,Poetry,Patrahin Nagna Gachh,Yatri Vaidyanath Mishra,MAITHILI (Since 1966),
1966,Philosophical treatise,Mithila-Baibhav,Yashodhar Jha,MAITHILI (Since 1966),
2023,Literary Study,Malayala Novelinte Deshakalangal,EV Ramakrishnan,MALAYALAM,
2022,Literary Criticism,Ashaante Seethayanam,M Thomas Mathew,MALAYALAM,
2021,Autobiography,Hrudayaragangal ,George Onakkoor ,MALAYALAM,
2020,Omcheriyute Ormmakkurippukal) (Memoirs,Akasmikam,Omchery NN Pillai ,MALAYALAM,
2019,Poetry,Achan Piranna Veedu,V Madhusoodanan Nair,MALAYALAM,
2018,Poetry,Gurupournami ,S Ramesan Nair,MALAYALAM,
2017,Novel,Daivathinte Pusthakam,KP Ramanunni,MALAYALAM,
2016,Poetry,Shyamamadhavam,Prabha Varma,MALAYALAM,
2015,Novel,Aarachar,KR Meera,MALAYALAM,
2014,Novel,Manushyanu Oru Aamukham,Subhash Chandran,MALAYALAM,
2013,Autobiography,Kathayillathavante Katha,MN Paloor,MALAYALAM,
2012,Poetry,Marannu Vecha Vasthukkal,K Satchidanandan,MALAYALAM,
2011,Biography,Basheer: Ekantha Veedhiyile Avadhoothan,MK Sanu,MALAYALAM,
2010,Travelogue,Haimavathabhuvil,MP Veerendra Kumar,MALAYALAM,
2009,Novellas,Thrikkotlur Novellukar,UA Khader,MALAYALAM,
2008,Essays,Madhuram Ninte Jeevitham,KP Appan,MALAYALAM,Awarded Posthumously
2007,Novel,Adayalangal,Sethu A Sethumadhavan,MALAYALAM,
2006,Short Stories,Chuvanna Chinnangal,M Sukumaran,MALAYALAM,
2005,Short Stories,Jappana Ppukayila,GV Kakkanadan,MALAYALAM,
2004,Short Stories,Zachariyayute Kathakai,Paul Zachariah,MALAYALAM,
2003,Novel,Alahayude Penmakkal,Sara Joseph,MALAYALAM,
2002,Poems,K.G. Sankara Pillayude Kavitakal,KG Sankara Pillai,MALAYALAM,
2001,Poetry,Attoor Ravi Varmayute Kavitakal,Attoor Ravi Varma,MALAYALAM,
2000,Poetry,R. Ramachandrante Kavithakal,R Ramachandran,MALAYALAM,
1999,Short Stories,Sreeramante Kathakal,CV Sreeraman,MALAYALAM,
1998,Novel,Thattakam,Kovilan VV Ayyappan,MALAYALAM,
1997,Novel,Govardhante Yatrakal,Anand P Satchidanandan,MALAYALAM,
1996,Short Stories,Gowri,T Padmanabhan,MALAYALAM,
1995,Memoirs,Arangu Kanatha Natan,Thikkodiyan P K Nair,MALAYALAM,
1994,Poetry,Ujjayiniyile Rappakalukal,Vishnu Narayanan Namboodiri,MALAYALAM,
1993,Novel,Daivathinte Kannu,NP Mohammed,MALAYALAM,
1992,Novel,Daivathinte Vikruthikal,M Mukundan,MALAYALAM,
1991,Criticism,Chhatravum Chamaravum,MP Sankunni Nair,MALAYALAM,
1990,Novel,Gurusagaram,OV Vijayan,MALAYALAM,
1989,Poetry,Nizhalana,Olappamanna Subrahmanian Nambudiripad,MALAYALAM,
1988,Novel,Spandamapinikale Nandi,C Radhakrishnan,MALAYALAM,
1987,Literary criticism,Prathipathram Bhashanabhedam,N Krishna Pillai,MALAYALAM,
1986,Critical study,Kavitadwani,M Leelavathy,MALAYALAM,
1985,Critical study,Tatvamasi,Sukumar Azhicode,MALAYALAM,
1984,Poetry,Ayyappa Panikkarute Kritikal 1969-80,K Ayyappa Paniker,MALAYALAM,
1983,Essays,Thiranjedutha Prabandhangal,S Guptan Nair,MALAYALAM,
1982,Short stories,Payyan Kathakal,VKN Thiruvilvamala,MALAYALAM,
1981,Novel,Avakasikal,Vilasini MK Menon,MALAYALAM,
1980,Novel,Smaraka Silakal,Punathil Kunhabdulla,MALAYALAM,
1979,Literary criticism,Vallatholinte Kavyasilpam,NV Krishna Warrior,MALAYALAM,
1978,Poetry,Ratrimazha,Sugathakumari,MALAYALAM,
1977,Novel,Agnisakshi,N Lalithambika Antharjanam,MALAYALAM,
1976,Autobiography,Jeevithappatha,C Govinda Pisharoti Cherukat,MALAYALAM,Awarded Posthumously
1975,Poetry,Aksharam,ONV Kurup,MALAYALAM,
1974,Poetry,Kamasurabhi,Vennikkulam Gopala Kurup,MALAYALAM,
1973,Poetry,Balidarsanam,Akkitham Achyuthan Nambudiri,MALAYALAM,
1972,Novel,Oru Desathinte Katha,SK Pottekkat,MALAYALAM,
1971,Poetry,Vida,Vyloppillil Sreedhara Menon,MALAYALAM,
1970,Novel,Kaalam,MT Vasudevan Nair,MALAYALAM,
1969,Poetry,Kavile Pattu,Edasseri Govindan Nair,MALAYALAM,
1967,Poetry,Thamarathoni,P Kunhiraman Nair,MALAYALAM,
1966,Essays,Kala Jeevitham Thanne,KM Kuttikrishna Marar,MALAYALAM,
1965,Poetry,Muthassi,N Balamani Amma,MALAYALAM,
1964,Novel,Ayalkkar,P Kesava Dev,MALAYALAM,
1963,Poetry,Viswadarsanam,G Sankara Kurup,MALAYALAM,
1960,Novel,Sundarikalum Sundaranmarum,Uroob P C Kuttikrishnan,MALAYALAM,
1958,Autobiography,Kazhinja Kaalam,KP Kesava Menon,MALAYALAM,
1957,Novel,Chemmeen,Thakazhi Sivasankara Pillai,MALAYALAM,
1956,Commentary,Paniniya Pradyotam,IC Chacko,MALAYALAM,Awarded Posthumously
1955,History of Literature,Bhasha Sahitya Charitram,R Narayana Panikkar,MALAYALAM,
2023,Poetry,Yachangba Nang Hallo,Sorokkhaibam Gambhini,MANIPURI (Since 1973),
2022,Poetry,Leironnung,Koijam Shantibala ,MANIPURI (Since 1973),
2021,Criticism,Manipurida Punshi Warigee Sahitya,Thokchom Ibohanbi Singh,MANIPURI (Since 1973),
2020,Poetry,Malangbana Kari Hai,Irungbam Deven,MANIPURI (Since 1973),
2019,Novel,Ei Amadi Adungeigi Eethat,L Birmangol Singh Beryl Thanga,MANIPURI (Since 1973),
2018,Short Stories,Ngamkheigee Wangmada,Budhichandra Heisnamba,MANIPURI (Since 1973),
2017,Play,Chahee Taret Khuntakpa,Rajen Toijamba,MANIPURI (Since 1973),
2016,Short Stories,Cheptharaba Eshingpun,Moirangthem Rajen,MANIPURI (Since 1973),
2015,Poetry,Ahingna Yekshilliba Mang,Kshetri Rajen,MANIPURI (Since 1973),
2014,Poetry,Khung-Gang Amasung Refugee,Naorem Bidyasagar Singh,MANIPURI (Since 1973),
2013,Travelogue,Chinglon Amadagi Amada ,Makhonmani Mongsaba,MANIPURI (Since 1973),
2012,Novel,Mathou Kanba DNA,Jodha C Sanasam,MANIPURI (Since 1973),
2011,Novel,Nangbu Ngaibada,Kshetri Bira,MANIPURI (Since 1973),
2010,Novel,Leikangla,M Borkanya,MANIPURI (Since 1973),
2009,Poetry,Khungangi Chithi,Raghu Leishangthem,MANIPURI (Since 1973),
2008,Poetry,Edu Ntngthou,AO Memchoubi,MANIPURI (Since 1973),
2007,Novel,Imasi Nurabee,BM Maisnamba,MANIPURI (Since 1973),
2006,Travelogue,Nungshibi Greece,Saratchand Thiyam,MANIPURI (Since 1973),
2005,Short stories,Pangal Shonbi Eishe Adomgini,M Nabakishore Singh,MANIPURI (Since 1973),
2004,Poetry,Lanthengnariba Lanmee,Birendrajit Naorem,MANIPURI (Since 1973),
2003,Short stories,Leiyee Khara Punsi Khara,Sudhir Naoroibam,MANIPURI (Since 1973),
2002,Poems,Mei Mamgera Budhi Mamgera,Rajkumar Bhubonsana,MANIPURI (Since 1973),
2001,Short stories,Khongji Makhol,Ningombam Sunita,MANIPURI (Since 1973),
2000,Short stories,Eemagi Phanek Machet,Laitonjam Premchand Singh,MANIPURI (Since 1973),
1999,Poetry,Hi Nangbu Hondeda,Sagolsem Lanchenba Meetei,MANIPURI (Since 1973),
1998,Short stories,Nongdi Tarak-Khidare,Keisham Priyokumar,MANIPURI (Since 1973),
1997,Poetry,Bhut Amasung Maikhum,Thangjam Ibopishak Singh,MANIPURI (Since 1973),
1996,Poetry,Praloigi Meiriraktagi,RK Madhubir,MANIPURI (Since 1973),
1995,Play,Leipkalei,Arambam Somorendra Singh,MANIPURI (Since 1973),
1994,Short stories,Mayai Karaba Shamu,Rajkumar Mani Singh,MANIPURI (Since 1973),
1993,Novel,Punshigi Marudyan,Arambam Biren Singh,MANIPURI (Since 1973),
1992,Novel,Tharoshangbi,A Chitreshwar Sharma,MANIPURI (Since 1973),
1991,Short stories,Numitti Asum Thengjillakali,Yumlemban Ibomcha Singh,MANIPURI (Since 1973),
1990,Poetry,Mapal Naidabasida Ei,Nongthombam Biren Singh,MANIPURI (Since 1973),
1989,Short stories,Tatkhrabha Punshi Leipul,Nilabir Sharma Shastri,MANIPURI (Since 1973),
1988,Short stories,Mamangthong Lollabadi Maninghthongda Lakaudana,E Sonamani Singh,MANIPURI (Since 1973),
1987,Poetry,Tirtha Yatra,E Nilakanta Singh,MANIPURI (Since 1973),
1986,Short stories,Mangi Isei,Khumanthem Prakash Singh,MANIPURI (Since 1973),
1985,Novel,Vir Tikendrajit Road,H Guno Singh,MANIPURI (Since 1973),
1984,Short stories,Chekla Paikhrabada,Lamabam Viramani Singh,MANIPURI (Since 1973),
1983,Play,Karnagi Mama Amasung Karnagi Aroiba Yahip,N Ibobi Singh,MANIPURI (Since 1973),
1982,Short stories,Pistal Ama Kundallei Ama,E Dinamani Singh,MANIPURI (Since 1973),
1981,Short stories,Kalenthagi Leipaklei,E Rajanikanta Singh,MANIPURI (Since 1973),
1979,Novel,Boro Saheb Ongbi Sanatombi,MK Binodini Devi,MANIPURI (Since 1973),
1978,Drama,Ngabongkhao,GC Tongbra,MANIPURI (Since 1973),
1977,Poetry,Aseibagi Nitaipod,A Minaketan Singh,MANIPURI (Since 1973),
1976,Poetry,Mamang Leikai Thambal Shatley,L Samarendra Singh,MANIPURI (Since 1973),
1974,Short stories,Ilisa Amagi Mahao,N Kunjamohan Singh,MANIPURI (Since 1973),
1973,Novel,Imphal Amasung Magi Nungshiki Phibam Ishing,Pacha Meitai,MANIPURI (Since 1973),
2023,Novel,Ringan,Krushnat Khot,MARATHI,
2022,Novel,Ujavya Sondechya Bahulya,Praveen Dashrath Bandekar,MARATHI,
2021,Short Stories,Baluchya Awasthantarachi Diary ,Kiran Gurav ,MARATHI,
2020,Novel,Udya,Nanda Khare,MARATHI,
2019,Poetry,Kadachit Ajoonahi,Anuradha Patil,MARATHI,
2018,Literary Criticism,Sarjanprerana ani Kavitwashodh ,Ma Su Patil ,MARATHI,
2017,Poetry,Bolave Te Amhi,Shrikant Deshmukh,MARATHI,
2016,Short Stories,Aalok,Asaram Lomate,MARATHI,
2015,Memoirs,Chalat-Chitravyooh,Arun Khopkar,MARATHI,
2014,Autobiography,Chaar Nagarantale Maaze Viswa,Jayant Vishnu Naralikar,MARATHI,
2013,Essays,Vachanaryachi Rojanishee ,Satish Kalasekar ,MARATHI,
2012,Short Stories,Phoenixchya Rakhetun Uthala Mor,Jayant Pawar,MARATHI,
2011,Essays,Varyane Halate Raan,Grace Manik Godghate,MARATHI,
2010,Criticism,Rujuvat-Asvad : Samiksha : Mimamsa,Ashok R Kelkar,MARATHI,
2009,Poetry,Chitralipi,Vasant Abaji Dahake,MARATHI,
2008,Novel,Utsukatene Mee Zopalo,Shyam Manohar,MARATHI,
2007,Biography,Maharshi Vitthal Ramaji Shinde: Jeevan Va Karya,GM Pawar,MARATHI,
2006,Novel,Bhoomi,Asha Bage,MARATHI,
2005,Poetry,Bhijaki Vahi,Arun Kolatkar,MARATHI,Awarded Posthumously
2004,Novel,Baromas,Sadanand Deshmukh,MARATHI,
2003,Novel,Dangora : Eka Nagaricha,TV Saradeshmukh,MARATHI,
2002,Play,Yugant,Mahesh Elkunchwar,MARATHI,
2001,Novel,Tanakat,Rajan Gavas,MARATHI,
2000,Poetry,Panzad,Namdeo Dhondo Mahanor,MARATHI,
1999,Novel,Tamrapat,Ranganath Pathare,MARATHI,
1998,Criticism,Tukaram Darshan,Sadanand Shridhar More,MARATHI,
1997,Criticism,Dnyaneshwaritil Laukik Srishti,Madhukar Vasudev Dhond,MARATHI,
1996,Autobiography,Eka Mungiche Mahabharat,Gangadhar Gadgil,MARATHI,
1995,Novel,Raghavavel,Namdeo Kamble,MARATHI,
1994,Poetry,Ekun Kavita-I,Dilip Chitre,MARATHI,
1993,Literary criticism,Mardhekaranchi Kavita: Swarup ani Sandarbha,Vijaya Rajadhyaksha,MARATHI,
1992,Novel,Jhada Jhadti,Vishwas Patil,MARATHI,
1991,Criticism,Teeka Svayamvara,Bhalchandra Nemade,MARATHI,
1990,Autobiographical Novel,Zombi,Anand Ratan Yadav,MARATHI,
1989,Autobiography,Haravlele Diwas,Prabhakar Waman Urdhwareshe,MARATHI,Awarded Posthumously
1988,Autobiography,Uchalya,Laxman Gaikwad,MARATHI,
1987,Literary criticism,Shri Vithal: Ek Mahasamanvaya,RC Dhere,MARATHI,
1986,Poetry,Khoon Gathee,NG Deshpande,MARATHI,
1985,Autobiography,Ek Zad Ani Don Pakshi,Vishram Bedekar,MARATHI,
1984,Poetry,Garbharesheem,Indira Sant,MARATHI,
1983,Novel,Sattantar,Vyankatesh Madgulkar,MARATHI,
1982,Literary criticism,Saundaryanubhav,Prabhakar Padhye,MARATHI,
1981,Autobiography,Upara,Laxman Mane,MARATHI,
1980,Poetry,Salam ,Mangesh K Padgaonkar,MARATHI,
1979,Literary criticism,"Srishti, Saundarya ani Sahityamulya",Saratchandra Muktibodh,MARATHI,
1978,Poetry,Nakshtranche Dene,CT Khanolkar Arati Prabhu,MARATHI,Awarded Posthumously
1977,Poetry,Dashpadi,AR Deshpande Anil,MARATHI,
1976,Autobiographical Novel,Smaran Gatha,GN Dandekar,MARATHI,
1975,Aesthetics,Soundarya Mimansa,RB Patankar,MARATHI,
1974,Play,Natasamrat,VV Shirwadkar,MARATHI,Awarded Posthumously
1973,Short Stories,Kajalmaya,GA Kulkarni,MARATHI,Awarded Posthumously
1972,Autobiography,Jevha Manus Jaga Hoto,Godavari Parulekar,MARATHI,
1971,Essays,Pais,Durga Bhagwat,MARATHI,
1970,Biography,Adarsha Bharat-Sevaka,NR Phatak,MARATHI,
1969,Biography,Natyacharya Deval,SN Banhatti,MARATHI,
1968,Interpretation of the Mahabharata,Yugant,Iravati Karve,MARATHI,
1967,Linguistic study,Bhasha: Itihas ani Bhoogol,NG Kalelkar,MARATHI,
1966,Historical research,Sri Shiv Chhatrapati,TS Shejwalkar,MARATHI,Awarded Posthumously
1965,Sketches,Vyakti ani Valli,PL Deshpande,MARATHI,
1964,Novel,Swami,Ranjit Desai,MARATHI,
1963,Novel,Ratha-Chakra,Na Pendse,MARATHI,
1962,Philosophical reflections,Anamikachi Chintanika,PY Deshpande,MARATHI,
1961,Biography,Dr. Ketkar,DN Gokhale,MARATHI,
1960,Novel,Yayati,VS Khandekar,MARATHI,
1959,A treatise on poetics,Bharadya Sahityasastra,GT Deshpande,MARATHI,
1958,Autobiography,Bahurupee,Chintaman Ganesh Kolhatkar,MARATHI,
1956,A study of Aesthetics,Saundarya ani Sahitya,BS Mardhekar,MARATHI,Awarded Posthumously
1955,Cultural history,Vaidik Samskriticha Vikas,Tarkateertha Shastri Laxman Joshi,MARATHI,
2023,Essays,Loksahitya Ra Loksanskritiko Parichaya,Judhabir Rana,NEPALI (Since 1977),
2022,Drama,Saino,KB Nepali ,NEPALI (Since 1977),
2021,Epic Poetry,Usha Anirudha ,Chhabilal Upadhyaya ,NEPALI (Since 1977),
2020,Novel,Kirayako Kokh,Shankar Dev Dhakal ,NEPALI (Since 1977),
2019,Travelogue,Biswa Euta Pallo Gaon,Salon Karthak,NEPALI (Since 1977),
2018,Short Stories,Kina Royeu Upamaa,Lok Nath Upadhyay Chapagain ,NEPALI (Since 1977),
2017,Literary Criticism,Kriti Vimarsha,Bina Hangkhim,NEPALI (Since 1977),
2016,Novel,Janmabhumi Mero Swadesh,Gita Upadhyay,NEPALI (Since 1977),
2015,Short Stories,Samayaka Prativimbaharu,Gupta Pradhan,NEPALI (Since 1977),
2014,Short Stories,Satta Grahan,Nanda Hankhim,NEPALI (Since 1977),
2013,Travelogue,Manka Lahar Ra Raharharu ,Man Bahadur Pradhan ,NEPALI (Since 1977),
2012,Short Stories,Ekantavas,Uday Thulung,NEPALI (Since 1977),
2010,Poetry,Akashlay Pani Thawan Khoji Rahechha,Gopi Narayan Pradhan,NEPALI (Since 1977),Awarded Posthumously
2009,Short Stories,Gairi Gaon Ki Chameli,Samiran Chhetri Priyadarshi,NEPALI (Since 1977),
2008,Short Stories,Kehi Namileka Rekhaharu,Haiman Das Rai Kiraf ,NEPALI (Since 1977),
2007,Play,Curfew,Lakshman Srimal,NEPALI (Since 1977),
2006,Novel,Droha,Bhim Dahal,NEPALI (Since 1977),
2005,Novel,Jeevan GoretoMa,Krishna Singh Moktan,NEPALI (Since 1977),
2004,Poetry,Shanti Shandeha,Jos Yonjan Pyasi,NEPALI (Since 1977),
2003,Novel,Athah,Bindya Subha,NEPALI (Since 1977),
2002,Novel,Udasin Rukhharu,Prem Pradhan,NEPALI (Since 1977),
2001,Short stories,Aahat Anubhuti,Lakhi Devi Sundas,NEPALI (Since 1977),
2000,Essays,Nisansmaran,Ramlal Adhikari,NEPALI (Since 1977),
1999,Short stories,Bishaun Shatabdi Ki Monalisa,Bikram Bir Thapa,NEPALI (Since 1977),
1998,Poetry,Adim Busty,Man Prasad Subba,NEPALI (Since 1977),
1997,Biographical Essays,Veer Jatiko Amar Kahani,Mani Prasad Rai,NEPALI (Since 1977),
1996,Poetry,Nihsabda,MohanThakuri,NEPALI (Since 1977),
1995,Biography,Dr. Parasmani Ko Jiwan Yatra,Nagendramani Pradhan,NEPALI (Since 1977),
1994,Essays,Paryavekshan,Jiwan Namdung,NEPALI (Since 1977),
1993,Short stories,Mrigatrishna,Sanu Lama,NEPALI (Since 1977),
1992,Essays,Indra Dhanush,RP Lama,NEPALI (Since 1977),
1991,Poetry,Hypocret Champ-Gurans Ra Anya Kavita,Girmee Sherpa,NEPALI (Since 1977),
1990,Poetry,Aama,Tulsiram Sharma Kashyap,NEPALI (Since 1977),
1989,Epic,Karna-Kunti,Tulsi Bahadur Chhetri,NEPALI (Since 1977),
1988,Poetry,Usha Manjari,Pushpalal Upadhyaya,NEPALI (Since 1977),
1987,Novel,Brahmaputraka Chheu-Chhau,Lil Bahadur Chetri,NEPALI (Since 1977),
1986,Short stories,Chakrabyuha,Sharad Chhetri,NEPALI (Since 1977),
1985,Novel,Nilkanth,Matsyendra Pradhan,NEPALI (Since 1977),
1984,Epic,Samaj Darpan,Ramchandra Giri,NEPALI (Since 1977),
1983,Novel,Niyati,Indra Sundas,NEPALI (Since 1977),
1982,Essays,Binsiyako Sanskriti,MM Gurung,NEPALI (Since 1977),
1981,Novel,Naya Kshitij Ko Khoj,Asit Rai,NEPALI (Since 1977),
1980,Novel,Sunakhari,Okima Gwyn,NEPALI (Since 1977),
1979,Essays,Maulo,Guman Singh Chamling,NEPALI (Since 1977),
1978,Short stories,Khaharey,Shiva Kumar Rai,NEPALI (Since 1977),
1977,Literary criticism,Nepali Upanyas Ka Adharharu,Indra Bahadur Rai,NEPALI (Since 1977),
2023,Poetry,Aprastuta Mrutyu,Ashutosh Parida,ODIA,
2022,Poetry,Dayanadi,Gayatribala Panda,ODIA,
2021,Poetry,Sarijaithiba Apera ,Hrushikesh Mallick ,ODIA,
2020,Short Stories,Samudrakula Ghara,Yashodhara Mishra ,ODIA,
2019,Short Stories,Bhaswati,Tarun Kanti Mishra,ODIA,
2018,Literary Criticism,Prasanga Puruna Bhabana Nua,Dasarathi Das ,ODIA,
2017,Short Stories,Etavatira Shilpi,Gayatri Saraf,ODIA,
2016,Short Stories,Prapti,Paramita Satpathy,ODIA,
2015,Short Stories,Mahishasurara Muhan,Bibhuti Pattanaik,ODIA,
2014,Poetry,Bipula Diganta,Gopalkrushna Rath,ODIA,
2013,Play,Banaprastha,Bijoy Misra,ODIA,
2012,Short Stories,Kanta 0' Anyanya Galpa,Gourahari Das,ODIA,
2011,Novel,Achihna Basabhumi,Kalpanakumari Devi,ODIA,
2010,Autobiography,Jibanara Chalapathe,Pathani Pattnaik,ODIA,
2009,Poetry,Mruqaya,Phani Mohanty,ODIA,
2008,Poetry,Asaranti Anasara,Pramod Kumar Mohanty,ODIA,
2007,Poetry,Sukha Sanhita,Dipak Mishra,ODIA,
2006,Poetry,Swarodaya,Bansidhar Sarangi,ODIA,
2005,Short Stories,Gopapura,Ramachandra Behera,ODIA,
2004,Essays,Bharatiya Sanskruti O Bhagwadgita,Prafulla Kumar Mohanty,ODIA,
2003,Criticism,Suryasnata,Jatindra Mohan Mohanty,ODIA,
2002,Biography,Gandhi Manisha,Sarat Kumar Mohanty,ODIA,
2001,Poetry,Tanmaya Dhuli,Pratibha Satpathy,ODIA,
2000,Short Stories,Ullanghan,Pratibha Ray,ODIA,
1999,Poetry,Garbhagriha,Haraprasad Das,ODIA,
1998,Criticism,Biswaku Gabakhya,Chitta Ranjan Das,ODIA,
1997,Short stories,Sabutharu Dirgharati,Chandrasekhar Rath,ODIA,
1996,Autobiography,Mo Jeevana Sangrama,Satyanarayan Rajaguru,ODIA,
1995,Criticism,Kavyasilpi Gangadhara,Govind Chandra Udgata,ODIA,
1994,Cultural Study,Jagata Darshanare Jagannatha,Guru Charan Patnaik,ODIA,
1993,Short stories,Chalanti Thakura,Santanu Kumar Acharya,ODIA,
1992,Short Stories,Bichitra Barna,Rabi Pattnayak,ODIA,Awarded Posthumously
1991,Poetry,Ahnika,Jagannath Prasad Das,ODIA,
1990,Short Stories,Pata Dei,Binapani Mohanty,ODIA,
1989,Poetry,Nai Aarapari,Bhanuji Rao,ODIA,
1988,Poetry,Akash Pan Nibida,Sourindra Barik,ODIA,
1987,Novel,Gharadiha,Nityananda Mahapatra,ODIA,
1986,Poetry,Dwa Suparna,Soubhagya Kumar Misra,ODIA,
1985,Poetry,Saila Kalpa,Rajendra K Panda,ODIA,
1984,Short stories,Abhisapta Gandharba,Mohapatra Nilamani Sahoo,ODIA,
1983,Vol. Ill) (Essays,Gan Majlis,Harekrushna Mehtab,ODIA,
1982,One-act Plays,Hasyarasar Natak,Gopal Chhotrai,ODIA,
1981,Short Stories,O Andhagali,Akhilmohan Patnaik,ODIA,
1980,Poetry,Abantar,Ananta Patnaik,ODIA,
1979,Autobiography,Mo Kahani,Kunjabihari Das,ODIA,
1978,Poetry,Saptama Ritu,Ramakanta Rath,ODIA,
1977,Autobiography,Kumbhara Chaka,Kali Charan Patnaik,ODIA,
1976,Short Stories,Thakura Ghara,Kishori Charan Das,ODIA,
1975,Poetry,Surya O Andhakar,Radha Mohan Gadanayak,ODIA,
1974,Poetry,Sabdar Akash,Sitakant Mahapatra,ODIA,
1973,Poetry,Samudra Snana,GP Mohanty,ODIA,
1972,Short Stories,Manojdasank Katha O Kahini,Manoj Das,ODIA,
1971,Play,Aranya Fasal,Manoranjan Das,ODIA,
1970,Poetry,Sarisrupa,Binod Chandra Nayak,ODIA,
1969,Novel,Nila Saila,Surendra Mohanty,ODIA,
1967,History of Literature,Odiya Sahityara Itihas,Suryanarayan Das,ODIA,
1966,Poetry,Banka O Sidha,Godavarish Mahapatra,ODIA,Awarded Posthumously
1965,Poetry,Uttarayana,Baikunthanath Patnaik,ODIA,
1964,Autobiography,Atmajibani,Nilakantha Das,ODIA,
1963,Poetry,Kabka-1962,Satchidananda Raut Roy,ODIA,
1961,Autobiography,Ardhasatabdir Odisa O Tanhire Mo Sthan,Godavaris Mishra,ODIA,Awarded Posthumously
1958,Novel,Ka,Kanhucharan Mohanty,ODIA,
1955,Novel,Amrutara Santan,Gopinath Mohanty,ODIA,
2023,Poetry,Mann Di Chip,Swarnjit Savi,PUNJABI,
2022,Short Stories,Main Aynghosh Nahi,Sukhjit,PUNJABI,
2021,short Stories,Sullan Da Salan ,Khalid Hussain ,PUNJABI,
2020,Short Stories,Aam Khass,Gurdev Singh Rupana,PUNJABI,
2019,Short Stories,Antheen,Kirpal Kazak,PUNJABI,
2018,Poetry,Kone Da Suraj ,Mohanjit ,PUNJABI,
2017,Novel,Slow Down,Nachhattar,PUNJABI,
2016,Play,Masia Di Raat,Swarajbir,PUNJABI,
2015,Novel,Maat Lok,Jaswinder Singh,PUNJABI,
2014,Poetry,Agarbatti,Jaswinder,PUNJABI,
2013,Novel,Nirvaan ,Manmohan ,PUNJABI,
2012,Poetry,Maha Kambani,Darshan Buttar,PUNJABI,
2011,Novel,Dhaawaan Dilli De Kingrey,Baldev Singh,PUNJABI,
2010,Poetry,Kaal Pehar Gharian,Vanita,PUNJABI,
2009,Play,Tatti Tavi Da Sach,Atamjit,PUNJABI,
2008,Novel,Sudhar Ghar,Mitter Sain Meet,PUNJABI,
2007,Poetry,Kamandal,Jaswant Deed,PUNJABI,
2006,Plays,Ishk Baj Namaz Da Haz Nahi,Ajmer Singh Aulakh,PUNJABI,
2005,Short Stories,Agni-Kalas,Gurbachan Singh Bhullar,PUNJABI,
2004,Criticism,Kavita Di Bhumika,Sutinder Singh Noor,PUNJABI,
2003,Play,Bhagat Singh Shahid : Natak Tikri,Charan Dass Sidhu,PUNJABI,
2002,Poems,Pulaan Ton Paar,Harbhajan Singh Halwarvi,PUNJABI,
2001,Poetry,Shabdant,Dev,PUNJABI,
2000,Short Stories,Chauthi Koot,Waryam Singh Sandhu,PUNJABI,
1999,Novel,Gawache Arth,Niranjan Singh Tasneem,PUNJABI,
1998,Short Stories,Moon Di Akh,Mahan Bhandari,PUNJABI,
1997,Novel,Taushali Di Hanso,Jaswant Singh Kanwal,PUNJABI,
1996,Short Stories,Pakhi,Santosh Singh Dhir,PUNJABI,
1995,Poetry,Jugnoo Deeva Te Darya,Jagtar,PUNJABI,
1994,Short Stories,Nawen Yug De Waris,Mohinder Singh Sarna,PUNJABI,
1993,Poetry,Haneray Vich Sulgadi Varnmala,Surjit Patar,PUNJABI,
1992,Short Stories,Kujh Ankeha Vi,Prem Prakash,PUNJABI,
1991,Poetry,Jhanan Di Rat,Harinder Singh Mehboob,PUNJABI,
1990,Poetry,Uninda Wartman,Manjit Tiwana,PUNJABI,
1989,Poetry,Kahikashan,Tara Singh Kamil,PUNJABI,
1988,Autobiography,Galiey Chikar Duri Ghar,SS Wanjara Bedi,PUNJABI,
1987,Novel,Kothe Kharak Singh,Ram Sarup Anakhi,PUNJABI,
1986,Short Stories,Shahar Te Gran,S Sujan Singh,PUNJABI,
1985,Autobiography,Khana Badosh,Ajeet Cour,PUNJABI,
1984,Play,Pagal Lok,Kapur Singh Ghuman,PUNJABI,
1983,Poetry,Anik Bishthar,Pritam Singh Safeer,PUNJABI,
1982,Short Stories,Amar Katha,Gulzar Singh Sandhu,PUNJABI,
1981,Poetry,Garaj Ton Footpath Teek,VN Tiwari,PUNJABI,
1980,Poetry,Suraj Te Kehkashan,Sukhpal Vir Singh Hasrat,PUNJABI,
1979,Poetry,Karuna Di Chho Ton Magron,Jaswant Singh Neki,PUNJABI,
1978,Short Stories,Urvar Par,Gurmukh Singh Musafir,PUNJABI,Awarded Posthumously
1977,Poetry,Kach De Vastar,Sohan Singh Misha,PUNJABI,
1976,Novel,Ba Mulahaza Hoshiar,Narenderpal Singh,PUNJABI,
1975,Novel,Adh Chanani Raat,Gurdial Singh,PUNJABI,
1974,Novel,Jug Badal Gaya,Sohan Singh Seetal,PUNJABI,
1973,Play,"Kal, Aj Te Balak",Harcharan Singh,PUNJABI,
1972,Play,Mittar Pyara,Sant Singh Sekhon,PUNJABI,
1971,Novel,Eho Hamara Jiwana,Dalip Kaur Tiwana,PUNJABI,
1969,Poetry,Na Dhuppe Na Chaanve,Harbhajan Singh,PUNJABI,
1968,Short Stories,Naven Lok,Kulwant Singh Virk,PUNJABI,
1967,Verse-Play,Loona,Shiv Kumar,PUNJABI,
1965,Short Stories,Ik Chhit Chanan Di,Kartar Singh Duggal,PUNJABI,
1964,Poetry,Pabbi,Prabhjot Kaur,PUNJABI,
1962,History and Development of Indian Theatre,Rangmanch,Balwant Gargi,PUNJABI,
1961,Novel,Ik Miyan Do Talwaran,Nanak Singh,PUNJABI,
1959,Poetry,Wadda Vela,Mohan Singh,PUNJABI,
1956,Poetry,Sunehure,Amrita Pritam,PUNJABI,
1955,Poetry,Mere Sainya Jio,Bhai Vir Singh,PUNJABI,
2023,Poetry,Palakati Preet,Gaje Singh Rajpurohit,RAJASTHANI (Since 1974),
2022,Play,Alekhun Amba,Kamal Ranga ,RAJASTHANI (Since 1974),
2021,Poetry,Mugtee ,Meethesh Nirmohi ,RAJASTHANI (Since 1974),
2020,Essays,Sanskriti Ri Sanatan Deeth,Bhanwar Singh Samour,RAJASTHANI (Since 1974),
2019,Short Stories,Bareek Baat,Ramsawroop Kisan,RAJASTHANI (Since 1974),
2018,Poetry,Kavita Devai Deeth ,Rajesh Kumar Vyas,RAJASTHANI (Since 1974),
2017,Criticism,Bina Hasal Pai,Neeraj Daiya,RAJASTHANI (Since 1974),
2016,Short Stories,Murdjat Ar Dujee Kahaniyan,Bulaki Sharma,RAJASTHANI (Since 1974),
2015,Novel,Gawaad,Madhu Acharya Ashawadi,RAJASTHANI (Since 1974),
2014,Short Stories,Sundar Nain Sudha,Rampal Singh Rajpurohit,RAJASTHANI (Since 1974),
2013,Poetry,Aanthyoi Nahi Din Hal,Ambika Dutt ,RAJASTHANI (Since 1974),
2012,Poetry,Aankh Hinye Ra Hariyal Sapana,Aaidan Singh Bhati,RAJASTHANI (Since 1974),
2011,Novel,Joon-Jatra,Atul Kanakk,RAJASTHANI (Since 1974),
2010,Poetry,Meeran,Manqat Badal,RAJASTHANI (Since 1974),
2009,Short Stories,Mai Eida Poot Jan,Ratan Jangid,RAJASTHANI (Since 1974),
2008,Short Stories,Paqarva,Dinesh Panchal,RAJASTHANI (Since 1974),
2007,Criticism,Aalochana Ree Aankh Sun,Kundan Mali,RAJASTHANI (Since 1974),
2006,Plays,Poornamidam,Laxmi Narayan Ranga,RAJASTHANI (Since 1974),
2005,Short Stories,Kisturi Mirag,Chetan Swami,RAJASTHANI (Since 1974),
2004,Novel,Samhi Khulto Marag,Nand Bhardwaj,RAJASTHANI (Since 1974),
2003,Poetry,Simaran,Santosh Mayamohan,RAJASTHANI (Since 1974),
2002,Short Stories,Jiv Ri Jaat,Bharat Ola,RAJASTHANI (Since 1974),
2001,Novel,Gharano,Abdul Vaheed Kamal,RAJASTHANI (Since 1974),
2000,Play,Kankoo Kabandh,Jaya Prakash Pandya Jyotipunj,RAJASTHANI (Since 1974),
1999,Poetry,Seer Ro Ghar,Vasu Acharya,RAJASTHANI (Since 1974),
1998,Novel,Ud Ja Re Sua,Shanti Bharadwaj Rakesh,RAJASTHANI (Since 1974),
1997,Poetry,Utaryo Hal Abho,Malchand Tiwari,RAJASTHANI (Since 1974),
1996,Memoirs,Olun Ri Akhiyatan,Nem Narayan Joshi,RAJASTHANI (Since 1974),
1995,Poetry,Kookh Padyai Ree Peed,Kishore Kalpanakant,RAJASTHANI (Since 1974),
1994,Short Stories,Mati Ri Mahak,Karnidan Barhath,RAJASTHANI (Since 1974),
1993,Short Stories,Adhura Supna,Nrisingh Rajpurohit,RAJASTHANI (Since 1974),
1992,Plays,Dharam Judh,Arjun Deo Charan,RAJASTHANI (Since 1974),
1991,Poetry,Mhari Kavitavan,Premji Prem,RAJASTHANI (Since 1974),
1990,Poetry,Uchhalo,Rewatdan Charan Kalpit,RAJASTHANI (Since 1974),
1989,Short Stories,Jamaro,Yadavendra Sharma Chandra,RAJASTHANI (Since 1974),
1988,Poetry,Anahad Naad,Bhagwati Lal Vyas,RAJASTHANI (Since 1974),
1987,Poetry,Saglonri Peeda Swatmegh,Nain Mal Jain,RAJASTHANI (Since 1974),
1986,Poetry,Dwarka,Mahavir Prasad Joshi,RAJASTHANI (Since 1974),
1985,Short Stories,Ek Duniya Mhari,Sanwar Daiya,RAJASTHANI (Since 1974),
1984,Poetry,Maru-Mangal,Sumer Singh Sekhawat,RAJASTHANI (Since 1974),
1983,Poetry,Ga-Geet,Mohan Alok,RAJASTHANI (Since 1974),
1982,Short Stories,Chasmadith Gawah,Moolchand Pranesh,RAJASTHANI (Since 1974),
1981,Poetry,Barsan Ra Degoda Dungar Langhiyan,Narayan Singh Bhati,RAJASTHANI (Since 1974),
1980,Poetry,Mharo Gaon,Rameshwar Dayal Shrimali,RAJASTHANI (Since 1974),
1979,Poetry,Paagi,Chandra Prakash Deval,RAJASTHANI (Since 1974),
1978,Novel,Mevai Ra Runkh,Anna Ram Sudama,RAJASTHANI (Since 1974),
1977,Poetry,Bol Bharamli,Satya Prakash Joshi,RAJASTHANI (Since 1974),
1976,Poetry,Leeltans,Kanhaiyalal Sethia,RAJASTHANI (Since 1974),
1975,Poetry,Pagfero,Mani Madhukar,RAJASTHANI (Since 1974),
1974,Folk-tales,Batan Ri Phulwari Vol. X,Vijay Dan Detha,RAJASTHANI (Since 1974),
2023,Poetry,Shunye Meghganam,Arun Ranjan Mishra,SANSKRIT,
2022,Poetry,Deepmanikyam,Janardan Prasad Pandey Mani,SANSKRIT,
2021,Poetry,"Srijati Shankhnadam Kil, Kavita ",Vindeshwariprasad Mishr Vinay ,SANSKRIT,
2020,Novel,Vaishali,Mahesh Chandra Sharma  Gautam,SANSKRIT,
2019,Poetry,Prajnachakshusham,Penna Madhusudan,SANSKRIT,
2018,Poetry,Mama Janani,Rama Kant Shukla,SANSKRIT,
2017,Poetry,Gangaputravadanam,Niranjan Mishra,SANSKRIT,
2016,Poetry,Kavyanirjhari,Sitanath Acharya,SANSKRIT,
2015,Epic,Vanadevi,Ram Shankar Awasthi,SANSKRIT,
2013,Poetry,Chaladuravani ,Radhakant Thakur ,SANSKRIT,
2012,Poetry,Laghupadhyaprhbandhatrayi,Ramji Thakur,SANSKRIT,
2011,Poetry,Bharatayanam,Harekrishna Satapathy,SANSKRIT,
2010,Poetry,Bharqviyam,Mithila Prasad Tripathi,SANSKRIT,
2009,Short Stories,Anabheepsitam,Prashasya Mitra Shastri,SANSKRIT,
2008,Poetry,Rasapriya-Vibhavanam,Om Prakash Pandey,SANSKRIT,
2007,Play,Chet Re Cikayena,Kherwal Saren,SANSKRIT,
2006,Poetry,Tava Sparshe Sparshe,Harshdev Madhav,SANSKRIT,
2005,Epic,Sri Bhargava Raghaviyam,Swami Rambhadracharya,SANSKRIT,
2004,Fiction,Akhyanavallari,Kala Nath Shastri,SANSKRIT,
2003,Poetry,Nirjharini,Bhaskaracharya Tripathi,SANSKRIT,
2002,Poetry,Harsacarita-Manjari,Kashinath Mishra,SANSKRIT,
2001,Essays,Ko Vai Rasah,P Sri Ramachandrudu,SANSKRIT,
2000,Poetry,Jagadguru Sri Chandrasekharendra Saraswati Vijayam,S Srinivasa Sarma,SANSKRIT,
1999,Poetry,Tadeva Gaganam Saivadhara,Shriniwas Rath,SANSKRIT,
1998,Poetry,Pratanini,Bachchoolal Awasthi,SANSKRIT,
1997,Poetry,Triveni,Shyam Dev Parashar,SANSKRIT,
1996,Poetry,Isha,Keshab Chandra Dash,SANSKRIT,
1995,Poetry,Sri Radha Panchashati,Rasik Vihari Joshi,SANSKRIT,
1994,Poetry,Sandhanam,Radhavallabh Tripathi,SANSKRIT,
1993,Prose Romance,Jayantika,Jaggu Vakula Bhushana,SANSKRIT,
1992,Epic,Bhishma Charitam,Hari Narayan Dikshit,SANSKRIT,
1991,Poetry,Svatantrya Sambhavam,Rewa Prasad Dwivedi,SANSKRIT,
1990,Poetry,Srimat-Pratapa-Ranayanam Mahakavyam,Ogeti Parikshit Sharma,SANSKRIT,
1989,Poetry,Sandhya,Ram Karan Sharma,SANSKRIT,
1988,Short Stories,Ikshugandha,Rajendra Mishra,SANSKRIT,
1987,Novel,Avinasi,Biswanarayan Shastri,SANSKRIT,
1986,Epic,Sri Radhacarita Mahakavyam,Kalika Prasad Shukla,SANSKRIT,
1985,Epic,Vindhyavasini Vijaya Mahakavyam,Vasant Trimbak Shevde,SANSKRIT,
1984,Historical Novel,Sindhu-Kanya,Shrinath S Hasurkar,SANSKRIT,
1983,Biography,Shri Sambulingeswar Vijaya Campu,Pandharinathacharya Galgali,SANSKRIT,
1982,Epic,Visvabhanu,PK Narayana Pillai,SANSKRIT,
1981,Poetry,Kapishayani,Jagannath Pathak,SANSKRIT,
1980,Epic,Krishtubhagavatam,PC Devassia,SANSKRIT,
1979,Epic,Keralodayah,KN Ezhuthachan,SANSKRIT,
1977,Poetry,Buddhavijayakavyam,Shanti Bhikshu Shastri,SANSKRIT,
1974,Epic Poem,Shrishivarajyodayam,SB Varnekar,SANSKRIT,
1973,Epic,Sritilakayasornavah,MS Aney,SANSKRIT,Awarded Posthumously
1970,Treatise on Verbal Cognition,Shabdatarangini,V Subramanya Sastri,SANSKRIT,
1968,Poetry,Srigurugovindasimhacharitam,Satyavrat Shastri,SANSKRIT,
1967,Poetry,Chitrakavya Kautukam,Ramaroop Pathak,SANSKRIT,
1966,Aesthetics,Bhoja’s Sringara Prakasa,V Raghavan,SANSKRIT,
1964,Treatise in Hindi,Tantrik Vanmaya men Shaktadrishti,Mm Gopinath Kaviraj,SANSKRIT,
1963,Research,A History of Dvait School of Vedanta and its Literature,BN Krishnamurti Sharma,SANSKRIT,
1961,A study in Hindi) (Research,Vaidik Vijnan aur Bharatiya Sanskriri,Giridhar Sharma Chaturvedi,SANSKRIT,
1956,Research,History of Dharma Sastra Vol. IV,PV Kane,SANSKRIT,
2023,Short Stories,Jaba Baha,Taraceen Baskey Turia Chand Baskey,SANTHALI (Since 2005),
2022,Poetry,Sabarnaka Balire Sanan’ Panjay,Kajli Soren Jagannath Soren,SANTHALI (Since 2005),
2021,Short Stories,Mane Rena Arhang ,Niranjan Hansda ,SANTHALI (Since 2005),
2020,Poetry,Gur Dak Kasa Dak,Rupchand Hansdah,SANTHALI (Since 2005),
2019,Short Stories,Sisirjali,Kali Charan Hembram,SANTHALI (Since 2005),
2018,Novel,Marom ,Shyam Besra Jiwi Rarec,SANTHALI (Since 2005),
2017,Poetry,Tahena.n Tangi re,Bhujanga Tudu,SANTHALI (Since 2005),
2016,Poetry,Nalha,Gobinda Chandra Majhi,SANTHALI (Since 2005),
2015,Play,Parsi Khatir,Rabilal Tudu,SANTHALI (Since 2005),
2014,Play,Mala Mudam,Jamadar Kisku,SANTHALI (Since 2005),
2013,Poetry,Chanda Bonga ,Arjun Charan Hembram,SANTHALI (Since 2005),
2012,Short Stories,Banchaw Akan Goj Hor,Gangadhar Hansda,SANTHALI (Since 2005),
2011,Poetry,Banchao Larhai,Aditya Kumar Mandi,SANTHALI (Since 2005),
2010,Play,Rahi Ranwak’ Kana,Bhoqla Soren,SANTHALI (Since 2005),
2009,Poetry,Say Sahed,Damayanti Beshra,SANTHALI (Since 2005),
2008,Short Stories,Manmi,Badal Hembram,SANTHALI (Since 2005),
2007,Play,Chet Re Cikayana,Kherwal Saren,SANTHALI (Since 2005),
2006,Biography,Guru Gomke Pondet Raghunath Murmu,Ram Chandra Murmu,SANTHALI (Since 2005),
2005,Poetry,Bhabna,Jadumani Besra,SANTHALI (Since 2005),
2023,Poetry-Ghazal,Hathu Pakidijain,Vinod Asudani,SINDHI (Since 1959),
2022,Literary History,Sindhi  Sahit Jo Mukhtasar Itihas  ,Kanhaiyalal Lekhwani ,SINDHI (Since 1959),
2021,Poetry,Nena Nindakhra ,Arjun Chawla ,SINDHI (Since 1959),
2020,Plays,Jehad,Jetho Lalwani,SINDHI (Since 1959),
2019,Short Stories,Jeejal,Ishwar Moorjani,SINDHI (Since 1959),
2018,Poetry,Jia Mein Taandaa,Khiman U Mulani ,SINDHI (Since 1959),
2017,Essays,Aachhende Laja Maraan,Jagdish Lachhani,SINDHI (Since 1959),
2016,Poetry,Akhar Katha,Nand Javeri,SINDHI (Since 1959),
2015,Short Stories,Mahengi Murk,Maya Rahi,SINDHI (Since 1959),
2014,Poetry,Sija Agyaan Buku,Gope Kamal,SINDHI (Since 1959),
2013,Poetry,Mansh-Nagari,Namdev Tarachandani ,SINDHI (Since 1959),
2012,Short Stories,Miteea Khaan Miteea Taaeen,Indra Vaswani,SINDHI (Since 1959),
2011,Plays,...Ta Khawaban Jo Chha Thindo,Mohan Geham,SINDHI (Since 1959),
2010,Poetry,Ajan Yaad Aahe,Laxman Dubey,SINDHI (Since 1959),
2009,Short Stories,Rishtan Jee Siyasat,Anand Khemani,SINDHI (Since 1959),
2008,Criticism,Sirjan Jo Sankat Ain Sindhi Kahani,Hiro Shewkani,SINDHI (Since 1959),
2007,Plays,Vijoon Vasan Aayoon,Vasudev Nirmal,SINDHI (Since 1959),
2006,Plays,Dharti-A-Jo-Sad,Kirat Babani,SINDHI (Since 1959),
2005,Poetry,Andhero Roshan Thiye,Dholan Rahi,SINDHI (Since 1959),
2004,Criticism,Kavita Khan Kavita Tain,Satish Rohra,SINDHI (Since 1959),
2003,Essays,Tahqiq Ain Tanqeed,Hiro Thakur,SINDHI (Since 1959),
2002,Short Stories,Udamandarh Arman,Hari Himthani,SINDHI (Since 1959),
2001,Poetry,Bhagat,Prem Prakash,SINDHI (Since 1959),
2000,Criticism,Taka Tora,Param A Abichandani,SINDHI (Since 1959),
1999,Poetry,Barf Jo Thahiyal,Vasdev Mohi,SINDHI (Since 1959),
1998,Plays,Zaizalo,Shyam Jaisinghani,SINDHI (Since 1959),
1997,Andheri Raat Mein) (Poetry,Tandana,Ishwar Anchal,SINDHI (Since 1959),
1996,Short Stories,Gufa Je Hun Paar,Lakhmi Khilani,SINDHI (Since 1959),
1995,Novel,Ajho,Hari Motwani,SINDHI (Since 1959),
1994,Novel,Aarsi-A-Aado,Kala Prakash,SINDHI (Since 1959),
1993,Novel,Hathayogi,Tara Mirchandani,SINDHI (Since 1959),
1991,Poetry,Soche Joon Sooratoon,Harikant Jethwani,SINDHI (Since 1959),
1990,Poetry,Shishe-Ja-Ghar,Goverdhan Mahboobani,SINDHI (Since 1959),
1989,Poetry,Bahi Ja Warisa,M Kamal,SINDHI (Since 1959),
1988,Travelogue,Se Sab Sandhyam Saah Sen,Moti Prakash,SINDHI (Since 1959),
1987,Literary Criticism,Chaliha-Chorasi,Harish Vaswani,SINDHI (Since 1959),
1986,Short Stories,Vichoro,Sundri A Uttamchandani,SINDHI (Since 1959),
1985,Poetry,Mero Sij,Arjan Hasid,SINDHI (Since 1959),
1984,Short Stories,Uha Shaam,Mohan Kalpana,SINDHI (Since 1959),
1983,Poetry,Andho Doonhon,Arjan Mirchandani Shad,SINDHI (Since 1959),
1982,Autobiography,Munhinji Hayati-a-Ja Sona Ropa Warq,Popati R Hiranandani,SINDHI (Since 1959),
1981,Poetry,Surkh Gulaab-Suraha Khwaab,Prabhu Wafa,SINDHI (Since 1959),
1980,Novel,Yad Hika Pyar Ji,Krishin Khatwani,SINDHI (Since 1959),
1979,Poetry,Pal Pal Jo Parlao,Hari Daryani Dilgir,SINDHI (Since 1959),
1978,Poetry,Cheekh,HI Sadarangani,SINDHI (Since 1959),
1976,Poetry,Jee-a-Jharoko,Laxman Bhatia Komal,SINDHI (Since 1959),
1974,Novel,Hunaje Atam Jo Maut,Lal Pushp,SINDHI (Since 1959),
1973,Novel,Pyar Ji Pyas,Gobind Malhi,SINDHI (Since 1959),
1972,Short Stories,Aparajita,Guno Samtaney,SINDHI (Since 1959),
1971,Poetry,Kumach,Krishin Rahi,SINDHI (Since 1959),
1970,Poetry,Wari-a-Bharyo Palaand,Narayan Shyam,SINDHI (Since 1959),
1969,History of Sindhi Prose,Sindhi Nasr Ji Tarikh,MU Malkani,SINDHI (Since 1959),
1968,Mujamil) (Evaluation,Shah Jo Rasalo,Kalyan B Advani,SINDHI (Since 1959),
1966,Poetry,Surahi,Lekhraj Kishinchand Aziz,SINDHI (Since 1959),
1964,Reminiscences,Anokha Azmooda,Ram Panjwani,SINDHI (Since 1959),
1959,Biography,Kanwar,Tirth Basant,SINDHI (Since 1959),
2023,Novel,Neervazhi Paduvum,Rajasekaran Devibharathi,TAMIL,
2022,Novel,Kaala Paani,M Rajendran,TAMIL,
2021,Short Stories,Civappuk Kazuttu Tan Oru Paccaip Paravai,Ambai ,TAMIL,
2020,Novel,Sellaatha Panam,Imaiyam,TAMIL,
2019,Novel,Sool,Cho Dharman,TAMIL,
2018,Novel,Sanchaaram ,S Ramakrishnan,TAMIL,
2017,Poetry,Kaandhal Naatkal,Late Inqulab ,TAMIL,
2016,Short Stories,Oru Siru Isai,Vannadhasan,TAMIL,
2015,Essays,Ilakkiya Suvadugal,A Madhavan,TAMIL,
2014,Novel,Agngnaadi,Poomani,TAMIL,
2013,Novel,Korkai ,RN Joe D Cruz ,TAMIL,
2012,Novel,Thol,D Selvaraj,TAMIL,
2011,Novel,Kaval Kottam,S Venkatesan,TAMIL,
2010,Short Stories,Soodiya Poo Soodarka,Nanjil Nadan,TAMIL,
2009,Poetry,Kaiyappam,Puviyarasu,TAMIL,
2008,Short Stories,Minsarapoo,Melanmai Ponnusamy,TAMIL,
2007,Novel,Ilai Uthir Kaalam,Neela Padmanabhan,TAMIL,
2006,Poetry,Akayathukku Aduthaveedu,Mu Metha,TAMIL,
2005,Novel,Kalmaram,G Thilakavathi,TAMIL,
2004,Poetry,Vanakkam Valluva,Tamilanban,TAMIL,
2003,Novel,Kallikattu Ithikasam,R Vairamuthu,TAMIL,
2002,Poems,Oru Giraamattu Nadi,Sirpi Balasubramaniam,TAMIL,
2001,Novel,Sutanthira Daagam,CS Chellappa,TAMIL,Awarded Posthumously
2000,3 Parts) (Criticism,Vimarsanangal Mathi Puraikal Pettikal,ThiKa Sivasankaran,TAMIL,
1999,Poetry,Aalapanai,S Abdul Rahman,TAMIL,
1998,Novel,Visaranai Commission,Sa Kandasamy,TAMIL,
1997,Novel,Chaivu Narkali,Thoppil Mohamed Miran,TAMIL,
1996,Short Stories,Appavin Snehidar,Ashokamitran,TAMIL,
1995,Novel,Vaanam Vasappadum,Prapanchan,TAMIL,
1994,Novel,Pudhiya Dharisanangal,Ponneelan Kandeswara Bhaktavalsalan,TAMIL,
1993,Novel,Kathukal,MV Venkataram,TAMIL,
1992,Historic Novel,Kutralakurinji,Kove Manisekaran,TAMIL,
1991,Novel,Gopallapurarthu Makkal,Ki Rajanarayanan,TAMIL,
1990,Novel,Veril Pazhutha Pala,Su Samuthiram,TAMIL,
1989,Autobiographical Essays,Chintanadi,LS Ramamirtham,TAMIL,
1988,Literary Criticism,Vazhum Valluvam,VC Kulandaiswamy,TAMIL,
1987,Short Stories,Mudalil Iravu Varum,Aadhavan Sundaram,TAMIL,Awarded Posthumously
1986,Literary Criticism,Ilakkiyathukku Oru lyakkam,Ka Naa Subramanyam,TAMIL,
1985,Literary Criticism,Kamban: Putiya Parvai,AS Gnanasambandan,TAMIL,
1984,Novel,Oru Kaveriyai Pola,Thirupurasundari Lakshmi,TAMIL,
1983,Literary Criticism,Bharathi: Kalamum Karuthum,TMC Raghunathan,TAMIL,
1982,Literary History,Manikkodikalam,BS Ramaiya,TAMIL,
1981,Literary Criticism,Puthiya Urai Nadai,M Ramalingam,TAMIL,
1980,Novel,Cheraman Kadali,Kannadasan,TAMIL,
1979,Short Stories,Sakthi-Vaithiyam,T Janakiraman,TAMIL,
1978,Literary Criticism,Pudukavkhaiyin Thottramum Valarchiyum,Vallikannan,TAMIL,
1977,Novel,Kuruthi-P-Punal,Indira Parthasarathi,TAMIL,
1975,Literary Criticism,Tharkkala Tamizh Illakkiyam,R Dhandayudham,TAMIL,
1974,Literary Criticism,Thirukkural Nedhi Illakkiyam,KD Thirunavukkarasu,TAMIL,
1973,Novel,Verukku Neer,Rajam Krishnan,TAMIL,
1972,Novel,Sila Nerangalil Sila Manithargal,D Jayakanthan,TAMIL,
1971,Novel,Samudaya Veedhi,Naa Parthasarathy,TAMIL,
1970,Short Stories,Anbalippu,G Alagirisami,TAMIL,Awarded Posthumously
1969,Play,Pisirantaiyar,Bharatidasan,TAMIL,Awarded Posthumously
1968,Poetry,Vellai Paravai,A Srinivasa Raghavan,TAMIL,
1967,Literary Criticism,Virar Ulagam,KV Jagannathan,TAMIL,
1966,Biography,Vallalar Kanda Orumaippadu,MP Sivagnanam,TAMIL,
1965,Biography,Sri Ramanujar,P Sri Acharya,TAMIL,
1963,Novel,Vengaiyin Maindhan,Akilon P V Akilandam,TAMIL,
1962,Travelogue,Akkarai Cheemaiyil,Somu Mi Pa Somasundaram,TAMIL,
1961,Novel,Agal Vilakku,Mu Varadarajan,TAMIL,
1958,Ramayana retold in Prose,Chakravarti Tirumagan,C Rajagopalachari,TAMIL,
1956,Novel,Alai Osai,R Krishnamurti Kalki,TAMIL,Awarded Posthumously
1955,Essays,Tamil Inbam,RP Sethu Pillai,TAMIL,
2023,Short Stories,Rameshwaram Kaakulu Marikonni Kathalu,T Patanjali Sastry,TELUGU,
2022,Novel,Manodharmaparagam,Madhuranthakam Narendra ,TELUGU,
2021,Poetry,Vallankitaalam ,Gorati Venkanna ,TELUGU,
2020,2015-2017) (Poetry,Agniswaasa,Nikhileswar,TELUGU,
2019,Novel,Septabhoomi,Bandi Narayana Swamy,TELUGU,
2018,Essays,Vimarshini,Kolakaluri Enoch,TELUGU,
2017,Poetry,Gaali Rangu,Devipriya,TELUGU,
2016,Poetry,Rajanigandha,Papineni Sivasankar,TELUGU,
2015,Short Stories,Vimuktha,Volga,TELUGU,
2014,Literary Criticism,Mana Navalalu-Mana Kathanikalu,Rachapalem Chandrashekara Reddy,TELUGU,
2013,Essays,Sahityaakashmlo Sagam ,Katyayani Vidmahe ,TELUGU,
2012,Short Stories,Peddibhotla Subbaramaiah Kathalu - Vol-1,Peddibhotla Subbaramaiah,TELUGU,
2011,Essays,Swaralayalu,Samala Sadasiva,TELUGU,Awarded Posthumously
2010,Novel,Kaluthunna Poolathota,Syed Saleem,TELUGU,
2009,Novel,Draupadi,Yarlagadda Lakshmi Prasad,TELUGU,
2008,Novel,Purushothamudu,Chitiprolu Krishna Murthy,TELUGU,
2007,Autobiography,Satapatramu,late Gadiyaram Ramakrishna Sarma,TELUGU,
2006,Short Stories,Astivanadam Aavali Teerana,Munipalle B Raju,TELUGU,
2005,Short Stories,Tana Margam,Abburi Chayadevi,TELUGU,
2004,Novel,Kalarekhalu,Naveen,TELUGU,
2003,Poetry,Sri Krishna Chandrodayamu,Utpala Satyanarayanacharya,TELUGU,
2002,Essays,Smrti Kinankam,Chekuri Rama Rao,TELUGU,
2001,Autobiography,Hampi Nunchi Harappa Daka,Tirumala Ramachandra,TELUGU,Awarded Posthumously
2000,Poetry,Kalanni Nidra Ponivvanu,N Gopi,TELUGU,
1999,Essays,Katha Silpam,Vallampati Venkata Subbaiah,TELUGU,
1998,Short Stories,Balivada Kantha Rao Kathalu,Balivada Kantha Rao,TELUGU,
1997,Poetry,Swapna Lipi,Ajanta PV Shastri,TELUGU,
1996,Short Stories,Kethu Vishwanatha Reddy Kathalu,Ketu Viswanatha Reddy,TELUGU,
1995,Short Stories,Yajnam To Tommidi,Kalipatnam Rama Rao,TELUGU,
1994,Criticism,Kala Rekha,Gunturu Seshendra Sharma,TELUGU,
1993,Short Stories,Madhuranthakam Rajaram Kathalu,Madhuranthakam Rajaram,TELUGU,
1992,Novel,Hrudaya Netri,Malati Chendur,TELUGU,
1991,Short Stories,"Itlu, Mee Vidheyudu",Bhamidipati Ramagopalam,TELUGU,
1990,Poetry,Mohana-O-Mohana,K Siva Reddy,TELUGU,
1989,Essays,Mani Pravalamu,SV Joga Rao,TELUGU,
1988,Criticism,Anuvaada Samasyalu,Rachamallu Ramachandra Reddi,TELUGU,Awarded Posthumously
1987,Essays,Gurazada Gurupeetham,Arudra,TELUGU,
1986,Literary Criticism,Andhra Sahitya Vimarsa Angla Prabhavam,GS Subrahmanyam,TELUGU,
1985,Short Stories,Gaalivana,P Padmaraju,TELUGU,Awarded Posthumously
1984,Poetry,Aagama Geeti,Aluri Bairagi,TELUGU,Awarded Posthumously
1983,Sketches,Jeevana Samaram,R Bharadwaja,TELUGU,
1982,Short Stories,Swarna Kamalaalu,I Saraswati Devi,TELUGU,
1981,Play,Seeta Josyam,VR Narla,TELUGU,
1979,Poetry,Janapriya Ramayanam,P Narayanacharya,TELUGU,
1978,6 Vols.) (Poetry and Plays,Collected Works of Krishna Sastri,DV Krishna Sastri,TELUGU,
1977,Poetry,Kundurti Kritulu,Kundurti Anjaneyulu,TELUGU,
1975,Poetry,Gudiselu Kalipotunnai,Boyi Bhimanna,TELUGU,
1974,Poetry,Thimiram Tho Samaram,Dasarathi,TELUGU,
1973,Poetry,Mantalu Manavudu,C Narayana Reddy,TELUGU,
1972,Poetry,Sri Sri Sahityamu,Sri Sri,TELUGU,
1971,Commentary,Vijayavilasamu: Hridayollasavyakhya,Thapi Dharma Rao,TELUGU,
1970,Poetry,Amrutham Kurisina Rathri,D Balagangadhar Tilak,TELUGU,Awarded Posthumously
1969,Poetry,Mahatama Katha,Thummala Seetharamamurthy,TELUGU,
1965,Poetry,Misra Manjari,Rayaprolu Subbarao,TELUGU,
1964,Poetry,Kreestu Charitra,G Joshua,TELUGU,
1963,Novel,Panditha Parameshwara Sastry Veelunama,T Gopichand,TELUGU,
1962,Poetry,Viswanadha Madhyakkaralu,Vishwanadha Satyanarayana,TELUGU,
1961,A History of Telugu Composers and Song Writers,Andhra Vaggeyakara Charitramu ,Balanthrapu Rajanikantha Rao,TELUGU,
1960,A History of Bharata’s Natyasastra,Natyasastramu,Ponangi Srirama Apparavu,TELUGU,
1957,Biography,Sri Ramakrishnuni Jivita Charitra,Chirantanananda Swami,TELUGU,
1956,Translation of Dr. Radhakrishnan’s History of Indian Philosophy,Bharariya Tatva Sastramu,Bulusu Venkateswaralu,TELUGU,
1955,Social history,Andhrula Sanghike Charitamu,Suravaram Pratap Reddy,TELUGU,Awarded Posthumously
2023,Novel,Rajdev Ki Amrai,Sadiqua Nawab Saher,URDU,
2022,Novel,Khwab Saraab,Anis Ashfaq,URDU,
2021,Poetry,Taza Hawa Ki Tabishen,Chander Bhan Khayal,URDU,
2020,Novel,Amawas Main Khwab,HussainulHaque,URDU,
2019,Biography,Sawaneh-E-Sir Syed: Ek Bazdeed,Shafey Kidwai,URDU,
2018,Novel,Rohzin ,Rahman Abbas ,URDU,
2017,Short Stories,Dakhma,Baig Ehsas,URDU,
2016,Criticism,Mabad-e-Jadidiat Se Naye Ahed Ki Takhliqiyat Tak,Nizam Siddiqui,URDU,
2015,Tanqeedi Aur Taqabuli Mutalea) (Criticism,Tasawwuf Aur Bhakti,Shamim Tariq,URDU,
2014,Poetry,Shahdaba,Munawwar Rana,URDU,
2013,Poetry,Lava ,Javed Akhtar ,URDU,
2012,Poetry,Ghurfa-i-Ghaib,Krishna Kumar Toor,URDU,
2011,Poetry,Aafaaq Ki Taraf,Khaleel Mamoon,URDU,
2010,Poetry,Gumshuda Dair Ki Gunjati Ghantiyan,Sheen Kaaf Nizam,URDU,
2009,Criticism,Ma-assirTanqidi Rawayye,Abul Kalam Qasmi,URDU,
2008,Poetry,Pencil Aur Doosn Nazmein,Jayant Parmar,URDU,
2007,Criticism,Tareekh-e-Adab-e-Urdu,Wahab Ashrafi,URDU,
2006,Poetry,Rasta Aur Main,Makhmoor Saeedi,URDU,
2005,Memoirs,Ret Per Khema,Jabir Husain,URDU,
2004,Short Stories,Shikasta Buton Ke Darmiyan,Salam Bin Razzak,URDU,
2003,Short Stories,Badd-E-Saba Ka Intizar,Syed Muhammad Ashraf,URDU,
2002,Short Stories,Dhuan,Gulzar,URDU,
2001,Short Stories,Taoos Chaman Ki Maina,Naiyer Masud,URDU,
2000,Poetry,Sookhi Tahni Par Hariyal,Mohd Idrees Ambar Bahraichi,URDU,
1999,Poetry,Aas,Bashir Badr,URDU,
1998,Poetry,Khoya Hua Sa Kuchh,Nida Fazli,URDU,
1997,Novel,Gian Singh Shatir,Gian Singh Shatir,URDU,
1996,Novel,Fire Area,Ilyas Ahmad Gaddi,URDU,
1995,Literary Criticism,"Sakhtiyat, Pas-Sakhtiyat Aur Mashriqi Sheriyat",Gopi Chand Narang,URDU,
1994,Poetry,Pichhle Mausam Ka Phool,Mazhar Imam,URDU,
1993,Short Stories,Pakheru,Ram Lall,URDU,
1992,Poetry,Chautha Aasmaan,Mohammed Alvi,URDU,
1991,Novel,Identity Card,Salahuddin Pervez,URDU,
1990,Novel,Do Gaz Zameen,Abdus Samad,URDU,
1989,Short Stories,Baaz Goyi,Surendra Prakash,URDU,
1988,Autobiography,Aatish-e-Chinar,Sheikh Muhammad Abdullah,URDU,Awarded Posthumously
1987,Poetry,Khwab Ka Dar Band Hai,AMK Shahryar,URDU,
1986,Literary Criticism,Tanquidi Afkar,Shamsur Rahman Faruqi,URDU,
1985,Poetry,Parindon Bhara Asmaan,Balraj Komal,URDU,
1984,Criticism,Iqbal Ki Nazari-o-Amali Sheriyat,Masud Husain Khan,URDU,
1983,4th Play) (Biography,Tazkirah-e-Muasirin,Malik Ram,URDU,
1982,Literary Criticism,Zikr-O-Fikr,Gian Chand Jain,URDU,
1980,Literary Criticism,Iqbal Ki Terah Nazmen,AA Ansari,URDU,
1979,Poetry,Nawa-e-Awara,Gulam Rabbani Taban,URDU,
1978,Criticism,Hafiz aur Iqbal,Yusuf Husain Khan,URDU,
1976,Poetry,Khak-e-Dil,Jan Nisar Akhtar,URDU,Awarded Posthumously
1975,Poetry,Awara Sajde,Kaifi Azmi,URDU,
1974,Literary Criticism,Nazar aur Nazariya,Ale Ahmed Suroor,URDU,
1971,Literary Criticism,Ghalib Ki Shakhsiyat aur Shairi,Rasheed Ahmad Siddiqui,URDU,
1970,Novel,Lahoo Ke Phool,Hayatullah Ansari,URDU,
1969,Poetry,Bisat-Raqs,Makhdum Mohiuddin,URDU,
1967,Short Stories,Patjhar Ki Awaz,Qurratulain Hyder,URDU,
1965,Novelette,Ek Chadar Maili Si,Rajinder Singh Bedi,URDU,
1964,Poetry,Meri Hadis-e-Umr-e-Gurezan,Anand Narain Mulla,URDU,
1963,Sketches,Aandhi Mein Chiragh,KG Saiyidain,URDU,
1962,Poetry,Yadein,AktharulIman,URDU,
1961,A critical edition of Ghalib’s Poetry,Diwan-i-Ghalib,Imtiaz Ali Arshi,URDU,
1960,Poetry,Gul-i-Naghma,Firaq Gorakhpuri Raghupati Sahay,URDU,
1959,History of Urdu drama and stage,Urdu Drama aur Stage,Syed Masud Hasan Rizvi,URDU,
1958,Poetry,Atish-i-Gul,Jigar Muradabadi Ali Sikandar,URDU,
1957,Literary Criticism,Mir Taqi Mir,KA Faruqui,URDU,
1956,A survey of Indian culture,Qaumi Tehzib Ka Masala,S Abid Hussain,URDU,
1955,Philosophical Treatise,Maal aur Mashiyat,Zafar Hussain Khan,URDU,
